-- MySQL dump 10.13  Distrib 5.6.21, for Linux (x86_64)
--
-- Host: 127.0.0.1    Database: luck_draw
-- ------------------------------------------------------
-- Server version	5.6.21

/*!40101 SET @OLD_CHARACTER_SET_CLIENT=@@CHARACTER_SET_CLIENT */;
/*!40101 SET @OLD_CHARACTER_SET_RESULTS=@@CHARACTER_SET_RESULTS */;
/*!40101 SET @OLD_COLLATION_CONNECTION=@@COLLATION_CONNECTION */;
/*!40101 SET NAMES utf8 */;
/*!40103 SET @OLD_TIME_ZONE=@@TIME_ZONE */;
/*!40103 SET TIME_ZONE='+00:00' */;
/*!40014 SET @OLD_UNIQUE_CHECKS=@@UNIQUE_CHECKS, UNIQUE_CHECKS=0 */;
/*!40014 SET @OLD_FOREIGN_KEY_CHECKS=@@FOREIGN_KEY_CHECKS, FOREIGN_KEY_CHECKS=0 */;
/*!40101 SET @OLD_SQL_MODE=@@SQL_MODE, SQL_MODE='NO_AUTO_VALUE_ON_ZERO' */;
/*!40111 SET @OLD_SQL_NOTES=@@SQL_NOTES, SQL_NOTES=0 */;

--
-- Table structure for table `activitys`
--

DROP TABLE IF EXISTS `activitys`;
/*!40101 SET @saved_cs_client     = @@character_set_client */;
/*!40101 SET character_set_client = utf8 */;
CREATE TABLE `activitys` (
  `id` int(11) NOT NULL AUTO_INCREMENT,
  `title` varchar(255) DEFAULT NULL COMMENT '活动主题',
  `content` varchar(2000) DEFAULT NULL COMMENT '活动内容',
  `start_time` timestamp NULL DEFAULT NULL ON UPDATE CURRENT_TIMESTAMP,
  `end_time` timestamp NULL DEFAULT NULL ON UPDATE CURRENT_TIMESTAMP,
  PRIMARY KEY (`id`)
) ENGINE=MyISAM AUTO_INCREMENT=3 DEFAULT CHARSET=utf8;
/*!40101 SET character_set_client = @saved_cs_client */;

--
-- Dumping data for table `activitys`
--

LOCK TABLES `activitys` WRITE;
/*!40000 ALTER TABLE `activitys` DISABLE KEYS */;
INSERT INTO `activitys` VALUES (1,'青啤摇摇乐、礼品送不停','无门槛设置，只要消费者愿意参加即可参与微信摇奖。','2016-05-09 01:05:43','2016-05-13 16:00:00');
/*!40000 ALTER TABLE `activitys` ENABLE KEYS */;
UNLOCK TABLES;

--
-- Table structure for table `auth_assignment`
--

DROP TABLE IF EXISTS `auth_assignment`;
/*!40101 SET @saved_cs_client     = @@character_set_client */;
/*!40101 SET character_set_client = utf8 */;
CREATE TABLE `auth_assignment` (
  `item_name` varchar(64) NOT NULL,
  `user_id` varchar(64) NOT NULL,
  `created_at` int(11) DEFAULT NULL,
  PRIMARY KEY (`item_name`,`user_id`),
  CONSTRAINT `auth_assignment_ibfk_1` FOREIGN KEY (`item_name`) REFERENCES `auth_item` (`name`) ON DELETE CASCADE ON UPDATE CASCADE
) ENGINE=InnoDB DEFAULT CHARSET=utf8;
/*!40101 SET character_set_client = @saved_cs_client */;

--
-- Dumping data for table `auth_assignment`
--

LOCK TABLES `auth_assignment` WRITE;
/*!40000 ALTER TABLE `auth_assignment` DISABLE KEYS */;
INSERT INTO `auth_assignment` VALUES ('admin','1',NULL),('auth_manage','3',1433035551),('backend_manage','10003',1461597481),('backend_manage','2',1433005674),('menu_manage','2',1433005674),('user_manage','2',1433035322);
/*!40000 ALTER TABLE `auth_assignment` ENABLE KEYS */;
UNLOCK TABLES;

--
-- Table structure for table `auth_item`
--

DROP TABLE IF EXISTS `auth_item`;
/*!40101 SET @saved_cs_client     = @@character_set_client */;
/*!40101 SET character_set_client = utf8 */;
CREATE TABLE `auth_item` (
  `name` varchar(64) NOT NULL,
  `type` int(11) NOT NULL,
  `description` text,
  `rule_name` varchar(64) DEFAULT NULL,
  `data` text,
  `created_at` int(11) DEFAULT NULL,
  `updated_at` int(11) DEFAULT NULL,
  PRIMARY KEY (`name`),
  KEY `rule_name` (`rule_name`) USING BTREE,
  KEY `type` (`type`) USING BTREE,
  CONSTRAINT `auth_item_ibfk_1` FOREIGN KEY (`rule_name`) REFERENCES `auth_rule` (`name`) ON DELETE SET NULL ON UPDATE CASCADE
) ENGINE=InnoDB DEFAULT CHARSET=utf8;
/*!40101 SET character_set_client = @saved_cs_client */;

--
-- Dumping data for table `auth_item`
--

LOCK TABLES `auth_item` WRITE;
/*!40000 ALTER TABLE `auth_item` DISABLE KEYS */;
INSERT INTO `auth_item` VALUES ('activity/create',2,'活动创建',NULL,'',NULL,NULL),('activity/delete',2,'活动删除',NULL,'',NULL,NULL),('activity/excel',2,'活动excel导出',NULL,'',NULL,NULL),('activity/list',2,'活动列表',NULL,'',NULL,NULL),('activity/prize-create',2,'奖品创建',NULL,'',NULL,NULL),('activity/update',2,'活动更新',NULL,'',NULL,NULL),('activity/view',2,'活动查看',NULL,'',NULL,NULL),('admin',1,'管理员',NULL,NULL,NULL,NULL),('auth/ajax-link-auth',2,'ajax关联权限',NULL,NULL,NULL,NULL),('auth/assign-auth',2,'分配权限',NULL,NULL,NULL,NULL),('auth/create',2,'添加权限',NULL,NULL,NULL,NULL),('auth/delete',2,'删除权限',NULL,NULL,NULL,NULL),('auth/index',2,'资源',NULL,NULL,NULL,NULL),('auth/update',2,'修改权限',NULL,NULL,NULL,NULL),('auth/view',2,'浏览权限',NULL,NULL,NULL,NULL),('auth_manage',1,'权限管理',NULL,NULL,NULL,NULL),('backend_manage',1,'后台管理员',NULL,NULL,NULL,NULL),('devices/create',2,'设备创建',NULL,'',NULL,NULL),('devices/delete',2,'设备删除',NULL,'',NULL,NULL),('devices/excel',2,'设备excel导出',NULL,'',NULL,NULL),('devices/list',2,'设备列表',NULL,'',NULL,NULL),('devices/update',2,'设备更新',NULL,'',NULL,NULL),('devices/view',2,'设备查看',NULL,'',NULL,NULL),('menu/ajax-get-childen-menu',2,'ajax获取子菜单',NULL,NULL,NULL,NULL),('menu/ajax-menu-display',2,'ajax菜单显示/隐藏',NULL,NULL,NULL,NULL),('menu/create',2,'添加菜单',NULL,NULL,NULL,NULL),('menu/delete',2,'删除菜单',NULL,NULL,NULL,NULL),('menu/index',2,'菜单管理',NULL,NULL,NULL,NULL),('menu/update',2,'更新菜单',NULL,NULL,NULL,NULL),('menu/view',2,'查看菜单',NULL,NULL,NULL,NULL),('menu_manage',1,'菜单管理',NULL,NULL,NULL,NULL),('prizes/create',2,'奖品创建',NULL,'',NULL,NULL),('prizes/delete',2,'奖品删除',NULL,'',NULL,NULL),('prizes/update',2,'奖品更新',NULL,'',NULL,NULL),('prizes/view',2,'奖品查看',NULL,'',NULL,NULL),('site/index',2,'首页',NULL,NULL,NULL,NULL),('site/logout',2,'用户登出',NULL,'',NULL,NULL),('statistics/export',2,'统计导出',NULL,'',NULL,NULL),('statistics/luck-draw-list',2,'摇奖统计列表',NULL,'',NULL,NULL),('test/index',2,'测试',NULL,NULL,NULL,NULL),('user/add-assignment',2,'分配权限',NULL,NULL,NULL,NULL),('user/create',2,'添加用户',NULL,'',NULL,NULL),('user/delete',2,'删除用户',NULL,NULL,NULL,NULL),('user/index',2,'用户管理',NULL,NULL,NULL,NULL),('user/remove-all',2,'批量删除用户',NULL,NULL,NULL,NULL),('user/remove-assignment',2,'移除权限',NULL,NULL,NULL,NULL),('user/update',2,'更新用户',NULL,NULL,NULL,NULL),('user/view',2,'查看用户',NULL,'',NULL,NULL),('user_manage',1,'用户管理',NULL,NULL,NULL,NULL),('zones/create',2,'大区创建',NULL,'',NULL,NULL),('zones/delete',2,'大区删除',NULL,'',NULL,NULL),('zones/index',2,'大区列表',NULL,'',NULL,NULL),('zones/update',2,'大区更新',NULL,'',NULL,NULL),('zones/view',2,'大区详情',NULL,'',NULL,NULL);
/*!40000 ALTER TABLE `auth_item` ENABLE KEYS */;
UNLOCK TABLES;

--
-- Table structure for table `auth_item_child`
--

DROP TABLE IF EXISTS `auth_item_child`;
/*!40101 SET @saved_cs_client     = @@character_set_client */;
/*!40101 SET character_set_client = utf8 */;
CREATE TABLE `auth_item_child` (
  `parent` varchar(64) NOT NULL,
  `child` varchar(64) NOT NULL,
  PRIMARY KEY (`parent`,`child`),
  KEY `child` (`child`) USING BTREE,
  CONSTRAINT `auth_item_child_ibfk_1` FOREIGN KEY (`parent`) REFERENCES `auth_item` (`name`) ON DELETE CASCADE ON UPDATE CASCADE,
  CONSTRAINT `auth_item_child_ibfk_2` FOREIGN KEY (`child`) REFERENCES `auth_item` (`name`) ON DELETE CASCADE ON UPDATE CASCADE
) ENGINE=InnoDB DEFAULT CHARSET=utf8;
/*!40101 SET character_set_client = @saved_cs_client */;

--
-- Dumping data for table `auth_item_child`
--

LOCK TABLES `auth_item_child` WRITE;
/*!40000 ALTER TABLE `auth_item_child` DISABLE KEYS */;
INSERT INTO `auth_item_child` VALUES ('admin','activity/create'),('backend_manage','activity/create'),('admin','activity/delete'),('backend_manage','activity/delete'),('admin','activity/excel'),('backend_manage','activity/excel'),('admin','activity/list'),('backend_manage','activity/list'),('admin','activity/prize-create'),('backend_manage','activity/prize-create'),('admin','activity/update'),('backend_manage','activity/update'),('admin','activity/view'),('backend_manage','activity/view'),('auth_manage','auth/ajax-link-auth'),('auth_manage','auth/assign-auth'),('auth_manage','auth/create'),('auth_manage','auth/delete'),('auth_manage','auth/index'),('auth_manage','auth/update'),('auth_manage','auth/view'),('admin','auth_manage'),('admin','backend_manage'),('admin','devices/create'),('backend_manage','devices/create'),('admin','devices/delete'),('backend_manage','devices/delete'),('admin','devices/excel'),('backend_manage','devices/excel'),('admin','devices/list'),('backend_manage','devices/list'),('admin','devices/update'),('backend_manage','devices/update'),('admin','devices/view'),('backend_manage','devices/view'),('menu_manage','menu/ajax-get-childen-menu'),('menu_manage','menu/ajax-menu-display'),('menu_manage','menu/create'),('menu_manage','menu/delete'),('menu_manage','menu/index'),('menu_manage','menu/update'),('menu_manage','menu/view'),('admin','menu_manage'),('admin','prizes/create'),('backend_manage','prizes/create'),('admin','prizes/delete'),('backend_manage','prizes/delete'),('admin','prizes/update'),('backend_manage','prizes/update'),('admin','prizes/view'),('backend_manage','prizes/view'),('backend_manage','site/index'),('admin','site/logout'),('backend_manage','site/logout'),('admin','statistics/export'),('backend_manage','statistics/export'),('admin','statistics/luck-draw-list'),('backend_manage','statistics/luck-draw-list'),('user_manage','user/add-assignment'),('user_manage','user/create'),('user_manage','user/delete'),('user_manage','user/index'),('user_manage','user/remove-all'),('user_manage','user/remove-assignment'),('user_manage','user/update'),('user_manage','user/view'),('admin','user_manage'),('admin','zones/create'),('backend_manage','zones/create'),('admin','zones/delete'),('backend_manage','zones/delete'),('admin','zones/index'),('backend_manage','zones/index'),('admin','zones/update'),('backend_manage','zones/update'),('admin','zones/view'),('backend_manage','zones/view');
/*!40000 ALTER TABLE `auth_item_child` ENABLE KEYS */;
UNLOCK TABLES;

--
-- Table structure for table `auth_rule`
--

DROP TABLE IF EXISTS `auth_rule`;
/*!40101 SET @saved_cs_client     = @@character_set_client */;
/*!40101 SET character_set_client = utf8 */;
CREATE TABLE `auth_rule` (
  `name` varchar(64) NOT NULL,
  `data` text,
  `created_at` int(11) DEFAULT NULL,
  `updated_at` int(11) DEFAULT NULL,
  PRIMARY KEY (`name`)
) ENGINE=InnoDB DEFAULT CHARSET=utf8;
/*!40101 SET character_set_client = @saved_cs_client */;

--
-- Dumping data for table `auth_rule`
--

LOCK TABLES `auth_rule` WRITE;
/*!40000 ALTER TABLE `auth_rule` DISABLE KEYS */;
/*!40000 ALTER TABLE `auth_rule` ENABLE KEYS */;
UNLOCK TABLES;

--
-- Table structure for table `devices`
--

DROP TABLE IF EXISTS `devices`;
/*!40101 SET @saved_cs_client     = @@character_set_client */;
/*!40101 SET character_set_client = utf8 */;
CREATE TABLE `devices` (
  `id` int(11) NOT NULL AUTO_INCREMENT,
  `device_name` varchar(255) DEFAULT NULL COMMENT '设备名称',
  `device_keyword` varchar(255) NOT NULL,
  `user_id` int(11) DEFAULT NULL,
  `shake_num` int(5) DEFAULT NULL,
  `sale_name` varchar(255) DEFAULT NULL,
  `zone_id` int(11) DEFAULT NULL COMMENT '大区id',
  PRIMARY KEY (`id`,`device_keyword`)
) ENGINE=MyISAM AUTO_INCREMENT=204 DEFAULT CHARSET=utf8;
/*!40101 SET character_set_client = @saved_cs_client */;

--
-- Dumping data for table `devices`
--

LOCK TABLES `devices` WRITE;
/*!40000 ALTER TABLE `devices` DISABLE KEYS */;
INSERT INTO `devices` VALUES (3,'设备QD-001','5512251',0,0,'小胡',2),(4,'设备QD-003','5558559',0,0,'',2),(5,'设备QD-004','5558558',0,0,'',2),(6,'设备QD-005','5558557',0,0,'',2),(7,'设备QD-006','5558556',0,0,'',2),(8,'设备QD-007','5558555',0,0,'',2),(9,'设备QD-008','5558554',0,0,'',2),(10,'设备QD-009','5558553',0,0,'',2),(11,'设备QD-010','5558552',0,0,'',2),(12,'设备QD-011','5558551',0,0,'',2),(13,'设备QD-012','5558550',0,0,'',2),(14,'设备QD-13','5558549',0,0,'',2),(15,'设备QD-014','5558548',0,0,'',2),(16,'设备QD-015','5558547',0,0,'',2),(17,'设备QD-016','5558546',0,0,'',2),(18,'设备QD-017','5558545',0,0,'',2),(19,'设备QD-018','5558544',0,0,'',2),(20,'设备QD-019','5558543',0,0,'',2),(21,'设备QD-020','5558542',0,0,'',2),(22,'设备QD-021','5558541',0,0,'',2),(23,'设备QD-022','5558540',0,0,'',2),(24,'设备QD-023','5558539',0,0,'',2),(25,'设备QD-024','5558538',0,0,'',2),(26,'设备QD-025','5558537',0,0,'',2),(27,'设备QD-026','5558536',0,0,'',2),(28,'设备QD-027','5558535',0,0,'',2),(29,'设备QD-028','5558534',0,0,'',2),(30,'设备QD-029','5558533',0,0,'',2),(31,'设备QD-030','5558532',0,0,'',2),(32,'设备QD-031','5558531',0,0,'',2),(33,'设备QD-032','5558530',0,0,'',2),(34,'设备QD-033','5558529',0,0,'',2),(35,'设备QD-034','5558528',0,0,'',2),(36,'设备QD-035','5558527',0,0,'',2),(37,'设备QD-036','5558526',0,0,'',2),(38,'设备QD-037','5558525',0,0,'',2),(39,'设备QD-038','5558524',0,0,'',2),(40,'设备QD-039','5558523',0,0,'',2),(41,'设备QD-040','5558522',0,0,'',2),(42,'设备QD-041','5558521',0,0,'',2),(43,'设备QD-042','5558520',0,0,'',2),(46,'设备QD-044','5558518',0,0,'',2),(45,'设备QD-043','5558519',0,0,'',2),(47,'设备QD-045','5558517',0,0,'',2),(48,'设备QD-046','5558516',0,0,'',2),(49,'设备QD-047','5558515',0,0,'',2),(50,'设备QD-048','5558514',0,0,'',2),(51,'设备QD-049','5558513',0,0,'',2),(52,'设备QD-050','5558512',0,0,'',2),(53,'设备QD-051','5558511',0,0,'',2),(54,'设备QD-002','5558560',0,0,'',2),(55,'设备QD-052','55570438',0,0,'',2),(56,'设备QD-053','55570437',0,0,'',2),(57,'设备QD-054','55570436',0,0,'',2),(58,'设备QD-055','55570435',0,0,'',2),(59,'设备QD-056','5570434',0,0,'',2),(60,'设备QD-057','5570433',0,0,'',2),(61,'设备QD-058','5570432',0,0,'',2),(62,'设备QD-059','5570431',0,0,'',2),(63,'设备QD-060','5570430',0,0,'',2),(64,'设备QD-061','5570429',0,0,'',2),(65,'设备QD-062','5570428',0,0,'',2),(66,'设备QD-063','5570427',0,0,'',2),(67,'设备QD-064','5570426',0,0,'',2),(68,'设备QD-065','5570425',0,0,'',2),(69,'设备QD-066','5570424',0,0,'',2),(70,'设备QD-067','5570423',0,0,'',2),(71,'设备QD-068','5570422',0,0,'',2),(72,'设备QD-069','5570421',0,0,'',2),(73,'设备QD-070','5570420',0,0,'',2),(74,'设备QD-071','5570419',0,0,'',2),(75,'设备QD-072','5570418',0,0,'',2),(76,'设备QD-073','5570417',0,0,'',2),(77,'设备QD-074','5570416',0,0,'',2),(78,'设备QD-075','5570415',0,0,'',2),(79,'设备QD-076','5570414',0,0,'',2),(80,'设备QD-077','5570413',0,0,'',2),(81,'设备QD-078','5570412',0,0,'',2),(82,'设备QD-079','5570411',0,0,'',2),(83,'设备QD-080','5570410',0,0,'',2),(84,'设备QD-081','5570409',0,0,'',2),(85,'设备QD-082','5570408',0,0,'',2),(86,'设备QD-083','5570407',0,0,'',2),(87,'设备QD-084','5570406',0,0,'',2),(88,'设备QD-085','5570405',0,0,'',2),(89,'设备QD-086','5570404',0,0,'',2),(90,'设备QD-087','5570403',0,0,'',2),(91,'设备QD-088','5570402',0,0,'',2),(92,'设备QD-089','5570401',0,0,'',2),(93,'设备QD-090','5570400',0,0,'',2),(94,'设备QD-091','5570399',0,0,'',2),(95,'设备QD-092','5570398',0,0,'',2),(96,'设备QD-093','5570397',0,0,'',2),(97,'设备QD-094','5570396',0,0,'',2),(98,'设备QD-095','5570395',0,0,'',2),(99,'设备QD-096','5570394',0,0,'',2),(100,'设备QD-097','5570393',0,0,'',2),(101,'设备QD-098','5570392',0,0,'',2),(102,'设备QD-099','5570391',0,0,'',2),(103,'设备QD-100','5570390',0,0,'',2),(104,'设备QD-101','5570389',0,0,'',2),(105,'设备QD-102','5570388',0,0,'',2),(106,'设备QD-103','5570387',0,0,'',2),(107,'设备QD-104','5570386',0,0,'',2),(108,'设备QD-105','5570385',0,0,'',2),(109,'设备QD-106','5570384',0,0,'',2),(110,'设备QD-107','5570383',0,0,'',2),(111,'设备QD-108','5570382',0,0,'',2),(112,'设备QD-109','5570381',0,0,'',2),(113,'设备QD-110','5570380',0,0,'',2),(114,'设备QD-111','5570379',0,0,'',2),(115,'设备QD-112','5570378',0,0,'',2),(116,'设备QD-113','5570377',0,0,'',2),(117,'设备QD-114','5570376',0,0,'',2),(118,'设备QD-115','5570375',0,0,'',2),(119,'设备QD-116','5570374',0,0,'',2),(120,'设备QD-117','5570373',0,0,'',2),(121,'设备QD-118','5570372',0,0,'',2),(122,'设备QD-119','5570371',0,0,'',2),(123,'设备QD-120','5570370',0,0,'',2),(124,'设备QD-121','5570369',0,0,'',2),(125,'设备QD-122','5570368',0,0,'',2),(126,'设备QD-123','5570367',0,0,'',2),(127,'设备QD-124','5570366',0,0,'',2),(128,'设备QD-125','5570365',0,0,'',2),(129,'设备QD-126','5570364',0,0,'',2),(130,'设备QD-127','5570363',0,0,'',2),(131,'设备QD-128','5570362',0,0,'',2),(132,'设备QD-129','5570361',0,0,'',2),(133,'设备QD-130','5570360',0,0,'',2),(134,'设备QD-131','5570359',0,0,'',2),(135,'设备QD-132','5570358',0,0,'',2),(136,'设备QD-133','5570357',0,0,'',2),(137,'设备QD-134','5570356',0,0,'',2),(138,'设备QD-135','5570355',0,0,'',2),(139,'设备QD-136','5570354',0,0,'',2),(140,'设备QD-137','5570353',0,0,'',2),(141,'设备QD-138','5570352',0,0,'',2),(142,'设备QD-139','5570351',0,0,'',2),(143,'设备QD-140','5570350',0,0,'',2),(144,'设备QD-141','5570349',0,0,'',2),(145,'设备QD-142','5570348',0,0,'',2),(146,'设备QD-143','5570347',0,0,'',2),(147,'设备QD-144','5570346',0,0,'',2),(148,'设备QD-145','5570345',0,0,'',2),(149,'设备QD-146','5570344',0,0,'',2),(150,'设备QD-147','5570343',0,0,'',2),(151,'设备QD-148','5570342',0,0,'',2),(152,'设备QD-149','5570341',0,0,'',2),(153,'设备QD-150','5570340',0,0,'',2),(154,'设备QD-151','5570339',0,0,'',2),(155,'设备QD-152','5570338',0,0,'',2),(156,'设备QD-153','5570337',0,0,'',2),(157,'设备QD-154','5570336',0,0,'',2),(158,'设备QD-155','5570335',0,0,'',2),(159,'设备QD-156','5570334',0,0,'',2),(160,'设备QD-157','5570333',0,0,'',2),(161,'设备QD-158','5570332',0,0,'',2),(162,'设备QD-159','5570331',0,0,'',2),(163,'设备QD-160','5570330',0,0,'',2),(164,'设备QD-161','5570329',0,0,'',2),(165,'设备QD-162','5570328',0,0,'',2),(166,'设备QD-163','5570327',0,0,'',2),(167,'设备QD-164','5570326',0,0,'',2),(168,'设备QD-165','5570325',0,0,'',2),(169,'设备QD-166','5570324',0,0,'',2),(170,'设备QD-167','5570323',0,0,'',2),(171,'设备QD-168','5570322',0,0,'',2),(172,'设备QD-169','5570321',0,0,'',2),(173,'设备QD-170','5570320',0,0,'',2),(174,'设备QD-171','5570319',0,0,'',2),(175,'设备QD-172','5570318',0,0,'',2),(176,'设备QD-173','5570317',0,0,'',2),(177,'设备QD-174','5570316',0,0,'',2),(178,'设备QD-175','5570315',0,0,'',2),(179,'设备QD-176','5570314',0,0,'',2),(180,'设备QD-177','5570313',0,0,'',2),(181,'设备QD-178','5570312',0,0,'',2),(182,'设备QD-179','5570311',0,0,'',2),(183,'设备QD-180','5570310',0,0,'',2),(184,'设备QD-181','5570309',0,0,'',2),(185,'设备QD-182','5570308',0,0,'',2),(186,'设备QD-183','5570307',0,0,'',2),(187,'设备QD-184','5570306',0,0,'',2),(188,'设备QD-185','5570305',0,0,'',2),(189,'设备QD-186','5570304',0,0,'',2),(190,'设备QD-187','5570303',0,0,'',2),(191,'设备QD-188','5570302',0,0,'',2),(192,'设备QD-189','5570301',0,0,'',2),(193,'设备QD-190','5570300',0,0,'',2),(194,'设备QD-191','5570299',0,0,'',2),(195,'设备QD-192','5570298',0,0,'',2),(196,'设备QD-193','5570297',0,0,'',2),(197,'设备QD-194','5570296',0,0,'',2),(198,'设备QD-195','5570295',0,0,'',2),(199,'设备QD-196','5570294',0,0,'',2),(200,'设备QD-197','5570293',0,0,'',2),(201,'设备QD-198','5570292',0,0,'',2),(202,'设备QD-199','5570291',0,0,'',2),(203,'设备QD-200','5570290',0,0,'',2);
/*!40000 ALTER TABLE `devices` ENABLE KEYS */;
UNLOCK TABLES;

--
-- Table structure for table `luck_draw_result`
--

DROP TABLE IF EXISTS `luck_draw_result`;
/*!40101 SET @saved_cs_client     = @@character_set_client */;
/*!40101 SET character_set_client = utf8 */;
CREATE TABLE `luck_draw_result` (
  `id` int(11) NOT NULL AUTO_INCREMENT,
  `user_id` int(11) DEFAULT NULL COMMENT '用户id',
  `result` tinyint(2) DEFAULT NULL COMMENT '中奖结果 0：未中奖 1：中奖',
  `activity_id` int(11) DEFAULT NULL COMMENT '所属活动',
  `prize_id` int(11) DEFAULT NULL COMMENT '所属奖品',
  `prize_level` tinyint(4) DEFAULT NULL COMMENT '奖品等级',
  `created_at` timestamp NULL DEFAULT NULL ON UPDATE CURRENT_TIMESTAMP COMMENT '创建时间',
  `device_id` int(11) DEFAULT NULL COMMENT '设备id',
  `is_award` tinyint(1) DEFAULT NULL COMMENT '0 已兑奖 1未兑奖',
  `win_code` varchar(255) NOT NULL,
  PRIMARY KEY (`id`)
) ENGINE=MyISAM AUTO_INCREMENT=491 DEFAULT CHARSET=utf8;
/*!40101 SET character_set_client = @saved_cs_client */;

--
-- Dumping data for table `luck_draw_result`
--

LOCK TABLES `luck_draw_result` WRITE;
/*!40000 ALTER TABLE `luck_draw_result` DISABLE KEYS */;
INSERT INTO `luck_draw_result` VALUES (135,1,1,1,4,2,'2016-04-26 05:12:54',4,1,'hb4v5nkp131254'),(136,1,1,1,4,2,'2016-04-26 05:13:18',4,1,'4lywxcs7131318'),(137,262,1,1,4,2,'2016-04-26 05:22:16',3,1,'8emylfco132216'),(138,1,1,1,5,3,'2016-04-26 05:42:58',4,0,'danjko6g134236'),(139,1,1,1,4,2,'2016-04-26 05:45:22',4,1,'tsh65qlu134522'),(140,1,0,1,0,-1,'2016-04-26 05:50:30',4,-1,''),(141,1,1,1,4,2,'2016-04-26 05:54:06',4,0,'4no1zqbw135357'),(142,1,0,1,0,-1,'2016-04-26 05:58:03',4,-1,''),(143,1,1,1,4,2,'2016-04-26 06:00:25',4,0,'jukxdw6h140017'),(144,1,1,1,4,2,'2016-04-26 06:18:09',5,0,'msxpeh5o141801'),(145,1,1,1,5,3,'2016-04-26 06:36:02',5,1,'qv1krno7143602'),(146,1,1,1,4,2,'2016-04-26 06:40:33',5,1,'azs8b3jt144033'),(147,1,0,1,0,-1,'2016-04-26 06:41:47',5,-1,''),(148,1,1,1,4,2,'2016-04-26 06:51:03',6,0,'dfloh149145054'),(149,1,0,1,0,-1,'2016-04-26 06:56:39',7,-1,''),(150,1,1,1,4,2,'2016-04-26 07:00:49',8,1,'s63efmtx150049'),(151,1,1,1,5,3,'2016-04-26 07:05:41',9,0,'q9ohd3ai150534'),(152,1,1,1,4,2,'2016-04-26 07:18:29',10,0,'9ivehm2t151815'),(153,1,1,1,4,2,'2016-04-26 07:23:19',11,1,'axb5qh0t152319'),(154,1,1,1,4,2,'2016-04-26 07:28:16',12,1,'xvo4ajm3152816'),(155,1,1,1,4,2,'2016-04-26 07:31:49',13,1,'qhtecs0w153149'),(156,1,0,1,0,-1,'2016-04-26 07:38:25',14,-1,''),(157,1,1,1,4,2,'2016-04-26 07:43:13',15,1,'c7nlvpat154313'),(158,1,1,1,5,3,'2016-04-26 07:47:37',16,1,'5l7wdisp154737'),(159,1,1,1,4,2,'2016-04-26 07:53:42',17,1,'fevudn50155342'),(160,1,0,1,0,-1,'2016-04-26 07:57:55',18,-1,''),(161,1,1,1,5,3,'2016-04-26 08:01:43',19,1,'v8tpdhez160143'),(162,1,1,1,4,2,'2016-04-26 08:02:16',19,0,'zwtca9rn160208'),(163,1,1,1,5,3,'2016-04-26 08:06:36',20,1,'0lkr6cxp160636'),(164,1,1,1,5,3,'2016-04-26 08:12:59',21,1,'0dnamci3161259'),(165,1,1,1,5,3,'2016-04-26 08:16:55',22,1,'sz5u7evm161655'),(166,1,1,1,4,2,'2016-04-26 08:20:55',23,1,'pr451kyz162055'),(167,1,1,1,5,3,'2016-04-26 08:21:08',23,1,'7oslcgny162108'),(168,1,0,1,0,-1,'2016-04-26 08:21:16',23,-1,''),(169,1,1,1,5,3,'2016-04-26 08:25:01',24,1,'rq9fj3iw162501'),(170,1,1,1,5,3,'2016-04-26 08:29:05',25,1,'wgq0ep67162905'),(171,1,1,1,4,2,'2016-04-26 08:33:54',26,1,'nv63cie1163354'),(172,1,0,1,0,-1,'2016-04-26 08:38:25',27,-1,''),(173,1,0,1,0,-1,'2016-04-26 08:42:17',28,-1,''),(174,1,1,1,4,2,'2016-04-26 08:49:25',29,1,'tk3ui9xr164925'),(175,329,0,1,0,-1,'2016-04-26 08:52:27',29,-1,''),(176,329,0,1,0,-1,'2016-04-26 08:52:27',29,-1,''),(177,1,1,1,5,3,'2016-04-26 08:54:32',30,1,'1pv3xkg9165432'),(178,1,0,1,0,-1,'2016-04-26 08:58:21',30,-1,''),(179,170,1,1,4,2,'2016-04-27 01:08:46',4,0,'cdx5ue24090826'),(180,170,1,1,5,3,'2016-04-27 01:08:27',4,1,'cxhf45ev090827'),(181,170,0,1,0,-1,'2016-04-27 01:10:43',4,-1,''),(182,170,1,1,4,2,'2016-04-27 01:11:08',4,0,'794y3tzl091057'),(183,1,1,1,4,2,'2016-04-27 01:39:35',48,1,'ujln2i5g093935'),(184,170,0,1,0,-1,'2016-04-27 02:04:13',4,-1,''),(185,170,1,1,4,2,'2016-04-27 02:31:10',3,1,'e4klms50103110'),(186,404,1,1,4,2,'2016-04-27 05:12:52',3,1,'cl9t02qu131252'),(187,405,0,1,0,-1,'2016-04-27 05:14:31',92,-1,''),(188,412,0,1,0,-1,'2016-04-27 05:30:38',69,-1,''),(189,414,0,1,0,-1,'2016-04-27 05:36:09',97,-1,''),(190,416,1,1,5,3,'2016-04-27 05:40:41',69,1,'eorl5y4f134041'),(191,417,1,1,4,2,'2016-04-27 05:40:56',69,1,'ij3zpesl134056'),(192,419,1,1,4,2,'2016-04-27 05:42:04',98,0,'avts1x9z134157'),(193,420,0,1,0,-1,'2016-04-27 05:45:03',69,-1,''),(194,423,1,1,5,3,'2016-04-27 05:50:40',100,1,'f6wkh4px135040'),(195,433,1,1,4,2,'2016-04-27 06:07:41',3,1,'oif5gxy0140741'),(196,437,1,1,4,2,'2016-04-27 06:11:56',3,1,'phebjf08141156'),(197,444,1,1,4,2,'2016-04-27 06:27:14',112,1,'kolx83y2142714'),(198,449,1,1,4,2,'2016-04-27 07:28:03',117,1,'pwsgh319152803'),(199,451,1,1,4,2,'2016-04-27 07:34:34',118,1,'fv0x4oyc153434'),(200,453,0,1,0,-1,'2016-04-27 07:37:16',119,-1,''),(201,455,1,1,4,2,'2016-04-27 07:39:48',120,1,'cmr02ytq153948'),(202,457,1,1,4,2,'2016-04-27 07:42:40',121,1,'csorwv9k154240'),(203,459,1,1,4,2,'2016-04-27 07:44:50',69,1,'1ef64mia154450'),(204,462,1,1,4,2,'2016-04-27 07:47:57',123,1,'pmu36jal154757'),(205,477,0,1,0,-1,'2016-04-27 08:23:30',136,-1,''),(206,479,1,1,4,2,'2016-04-27 08:26:11',137,0,'ljc3401d162558'),(207,480,0,1,0,-1,'2016-04-27 08:32:09',138,-1,''),(208,482,1,1,4,2,'2016-04-27 08:40:21',139,1,'31em7g62164021'),(209,485,1,1,4,2,'2016-04-27 09:34:52',3,1,'nr5ejk0d173452'),(210,486,1,1,5,3,'2016-04-27 09:35:42',3,1,'onqjpsmi173542'),(211,487,1,1,4,2,'2016-04-27 09:37:36',3,1,'bcupidm5173736'),(212,488,1,1,4,2,'2016-04-27 09:38:00',3,1,'hpxmoyuj173800'),(213,490,1,1,4,2,'2016-04-27 09:42:35',3,1,'syw5v2i6174235'),(214,491,1,1,4,2,'2016-04-27 09:42:48',3,1,'mybh70ca174248'),(215,492,1,1,4,2,'2016-04-27 09:44:29',3,1,'st28pljb174429'),(216,494,0,1,0,-1,'2016-04-27 09:45:08',3,-1,''),(217,495,1,1,4,2,'2016-04-27 09:45:13',3,1,'4286d5cv174513'),(218,497,0,1,0,-1,'2016-04-27 10:26:39',3,-1,''),(219,498,1,1,4,2,'2016-04-27 10:26:49',3,1,'z2mie6ak182649'),(220,509,0,1,0,-1,'2016-04-27 11:05:25',129,-1,''),(221,511,1,1,4,2,'2016-04-27 11:05:55',129,0,'oejs1fkd190546'),(222,513,0,1,0,-1,'2016-04-27 11:06:35',129,-1,''),(223,514,0,1,0,-1,'2016-04-27 11:06:42',129,-1,''),(224,515,1,1,4,2,'2016-04-27 11:07:15',129,0,'aiwrtvqm190650'),(225,516,1,1,5,3,'2016-04-27 11:09:40',69,1,'ndh941za190940'),(226,517,0,1,0,-1,'2016-04-27 11:10:24',129,-1,''),(227,519,1,1,4,2,'2016-04-27 11:10:49',129,0,'h6n73qxk191035'),(228,524,1,1,4,2,'2016-04-27 11:31:17',3,1,'eyarg6c5193117'),(229,526,1,1,4,2,'2016-04-27 11:32:28',3,1,'hwtfu9av193228'),(230,527,0,1,0,-1,'2016-04-27 11:32:30',3,-1,''),(231,528,1,1,4,2,'2016-04-27 11:33:50',3,0,'8uapcyz1193333'),(232,529,1,1,4,2,'2016-04-27 11:35:25',3,0,'gfp5hkdz193517'),(233,530,0,1,0,-1,'2016-04-27 11:36:01',129,-1,''),(234,531,1,1,4,2,'2016-04-27 11:36:17',129,0,'3dwek5t7193607'),(235,533,0,1,0,-1,'2016-04-27 11:45:17',69,-1,''),(236,534,1,1,4,2,'2016-04-27 11:45:27',69,1,'c10vtuky194527'),(237,550,0,1,0,-1,'2016-04-28 01:12:33',3,-1,''),(238,551,0,1,0,-1,'2016-04-28 01:12:41',3,-1,''),(239,553,0,1,0,-1,'2016-04-28 01:12:45',3,-1,''),(240,549,0,1,0,-1,'2016-04-28 01:12:47',3,-1,''),(241,554,0,1,0,-1,'2016-04-28 01:12:51',3,-1,''),(242,552,0,1,0,-1,'2016-04-28 01:12:53',3,-1,''),(243,555,0,1,0,-1,'2016-04-28 01:12:54',3,-1,''),(244,557,0,1,0,-1,'2016-04-28 01:12:58',3,-1,''),(245,556,0,1,0,-1,'2016-04-28 01:12:58',3,-1,''),(246,558,0,1,0,-1,'2016-04-28 01:12:59',3,-1,''),(247,559,0,1,0,-1,'2016-04-28 01:13:01',3,-1,''),(248,560,0,1,0,-1,'2016-04-28 01:13:03',3,-1,''),(249,561,0,1,0,-1,'2016-04-28 01:13:04',3,-1,''),(250,563,0,1,0,-1,'2016-04-28 01:13:07',3,-1,''),(251,564,0,1,0,-1,'2016-04-28 01:13:08',3,-1,''),(252,565,0,1,0,-1,'2016-04-28 01:13:13',3,-1,''),(253,562,1,1,3,1,'2016-04-28 01:13:37',3,0,'yhb6sfl9091318'),(254,566,0,1,0,-1,'2016-04-28 01:13:19',3,-1,''),(255,567,0,1,0,-1,'2016-04-28 01:13:24',3,-1,''),(256,568,0,1,0,-1,'2016-04-28 01:13:32',3,-1,''),(257,569,0,1,0,-1,'2016-04-28 01:13:39',3,-1,''),(258,570,0,1,0,-1,'2016-04-28 01:13:41',3,-1,''),(259,571,1,1,3,1,'2016-04-28 01:14:31',3,0,'pxcnzg79091346'),(260,572,0,1,0,-1,'2016-04-28 01:13:57',3,-1,''),(261,573,0,1,0,-1,'2016-04-28 01:14:05',3,-1,''),(262,574,1,1,3,1,'2016-04-28 01:14:06',3,1,'ipv50wum091406'),(263,576,1,1,3,1,'2016-04-28 01:14:50',3,1,'12e63pvm091450'),(264,576,1,1,3,1,'2016-04-28 01:14:50',3,1,'ro5hxv71091450'),(265,577,1,1,3,1,'2016-04-28 01:23:03',3,1,'50ky39ez092303'),(266,579,0,1,0,-1,'2016-04-28 01:24:00',3,-1,''),(267,580,0,1,0,-1,'2016-04-28 01:24:32',3,-1,''),(268,581,0,1,0,-1,'2016-04-28 01:25:09',3,-1,''),(269,582,1,1,3,1,'2016-04-28 01:25:14',3,1,'orbh1s96092514'),(270,582,0,1,0,-1,'2016-04-28 01:25:15',3,-1,''),(271,583,0,1,0,-1,'2016-04-28 01:26:31',3,-1,''),(272,584,0,1,0,-1,'2016-04-28 01:26:37',3,-1,''),(273,585,0,1,0,-1,'2016-04-28 01:26:43',3,-1,''),(274,586,0,1,0,-1,'2016-04-28 01:26:48',3,-1,''),(275,587,0,1,0,-1,'2016-04-28 01:26:53',3,-1,''),(276,588,0,1,0,-1,'2016-04-28 01:27:02',3,-1,''),(277,589,0,1,0,-1,'2016-04-28 01:29:00',3,-1,''),(278,590,1,1,3,1,'2016-04-28 01:29:04',3,1,'pewn4sgo092904'),(279,593,0,1,0,-1,'2016-04-28 01:37:20',3,-1,''),(280,594,0,1,0,-1,'2016-04-28 01:37:25',3,-1,''),(281,595,0,1,0,-1,'2016-04-28 01:37:29',3,-1,''),(282,596,0,1,0,-1,'2016-04-28 01:37:33',3,-1,''),(283,597,0,1,0,-1,'2016-04-28 01:37:37',3,-1,''),(284,598,0,1,0,-1,'2016-04-28 01:37:41',3,-1,''),(285,599,0,1,0,-1,'2016-04-28 01:37:45',3,-1,''),(286,600,1,1,3,1,'2016-04-28 01:37:49',3,1,'0vho3eaf093749'),(287,601,0,1,0,-1,'2016-04-28 01:42:23',3,-1,''),(288,602,1,1,3,1,'2016-04-28 01:42:27',3,1,'ue8r7f5y094227'),(289,603,0,1,0,-1,'2016-04-28 01:48:23',3,-1,''),(290,604,0,1,0,-1,'2016-04-28 01:48:26',3,-1,''),(291,605,1,1,3,1,'2016-04-28 01:48:30',3,1,'okmtsi70094830'),(292,606,0,1,0,-1,'2016-04-28 01:54:47',3,-1,''),(293,607,1,1,3,1,'2016-04-28 01:54:52',3,1,'1ch9t68u095452'),(294,609,0,1,0,-1,'2016-04-28 02:37:16',3,-1,''),(295,610,1,1,3,1,'2016-04-28 02:37:37',3,0,'tny1d4b9103724'),(296,611,0,1,0,-1,'2016-04-28 02:44:32',3,-1,''),(297,613,0,1,0,-1,'2016-04-28 03:02:38',3,-1,''),(298,614,1,1,3,1,'2016-04-28 03:03:56',3,0,'jwmf4rp3110333'),(299,617,1,1,3,1,'2016-04-28 03:07:30',3,1,'y94hpgbr110730'),(300,618,0,1,0,-1,'2016-04-28 03:08:58',3,-1,''),(301,619,0,1,0,-1,'2016-04-28 03:08:59',3,-1,''),(302,621,0,1,0,-1,'2016-04-28 03:09:08',3,-1,''),(303,622,0,1,0,-1,'2016-04-28 03:09:14',3,-1,''),(304,623,0,1,0,-1,'2016-04-28 03:09:20',3,-1,''),(305,624,0,1,0,-1,'2016-04-28 03:09:26',3,-1,''),(306,626,0,1,0,-1,'2016-04-28 03:09:31',3,-1,''),(307,625,0,1,0,-1,'2016-04-28 03:09:33',3,-1,''),(308,627,1,1,3,1,'2016-04-28 03:09:36',3,1,'345brdwp110936'),(309,630,0,1,0,-1,'2016-04-28 03:15:27',3,-1,''),(310,631,0,1,0,-1,'2016-04-28 03:15:39',3,-1,''),(311,632,0,1,0,-1,'2016-04-28 03:15:44',3,-1,''),(312,633,0,1,0,-1,'2016-04-28 03:15:51',3,-1,''),(313,634,0,1,0,-1,'2016-04-28 03:15:58',3,-1,''),(314,636,0,1,0,-1,'2016-04-28 03:16:06',3,-1,''),(315,638,0,1,0,-1,'2016-04-28 03:16:12',3,-1,''),(316,640,0,1,0,-1,'2016-04-28 03:16:18',3,-1,''),(317,641,0,1,0,-1,'2016-04-28 03:16:29',3,-1,''),(318,643,0,1,0,-1,'2016-04-28 03:16:40',3,-1,''),(319,644,0,1,0,-1,'2016-04-28 03:16:47',3,-1,''),(320,645,0,1,0,-1,'2016-04-28 03:16:57',3,-1,''),(321,646,0,1,0,-1,'2016-04-28 03:16:59',3,-1,''),(322,647,1,1,3,1,'2016-04-28 03:17:32',3,0,'oerdxkjf111706'),(323,648,0,1,0,-1,'2016-04-28 03:17:22',3,-1,''),(324,650,0,1,0,-1,'2016-04-28 03:17:31',3,-1,''),(325,649,0,1,0,-1,'2016-04-28 03:17:32',3,-1,''),(326,651,1,1,3,1,'2016-04-28 03:18:04',3,0,'wt2kfzgq111741'),(327,652,1,1,3,1,'2016-04-28 03:17:54',3,0,'9ad7nyje111742'),(328,656,0,1,0,-1,'2016-04-28 03:22:25',3,-1,''),(329,657,0,1,0,-1,'2016-04-28 03:22:36',3,-1,''),(330,658,0,1,0,-1,'2016-04-28 03:22:44',3,-1,''),(331,660,1,1,3,1,'2016-04-28 03:49:13',3,0,'ix67y4bj114852'),(332,673,0,1,0,-1,'2016-04-28 05:19:13',3,-1,''),(333,676,0,1,0,-1,'2016-04-28 05:20:06',3,-1,''),(334,677,1,1,3,1,'2016-04-28 05:20:45',3,0,'5r0e1ptm132024'),(335,678,0,1,0,-1,'2016-04-28 05:27:02',3,-1,''),(336,679,0,1,0,-1,'2016-04-28 05:27:16',3,-1,''),(337,680,1,1,3,1,'2016-04-28 05:27:39',3,1,'zai03nt5132739'),(338,683,0,1,0,-1,'2016-04-28 05:33:47',3,-1,''),(339,691,1,1,3,1,'2016-04-28 05:34:49',3,1,'htqg0ux6133449'),(340,693,0,1,0,-1,'2016-04-28 05:35:06',3,-1,''),(341,694,0,1,0,-1,'2016-04-28 05:35:19',3,-1,''),(342,692,1,1,3,1,'2016-04-28 05:35:20',3,1,'met6v0s3133520'),(343,697,0,1,0,-1,'2016-04-28 05:35:50',3,-1,''),(344,699,0,1,0,-1,'2016-04-28 05:36:19',3,-1,''),(345,701,0,1,0,-1,'2016-04-28 05:36:33',3,-1,''),(346,706,0,1,0,-1,'2016-04-28 05:36:54',3,-1,''),(347,705,0,1,0,-1,'2016-04-28 05:36:54',3,-1,''),(348,703,1,1,3,1,'2016-04-28 05:37:14',3,0,'s59hrgzb133656'),(349,704,0,1,0,-1,'2016-04-28 05:36:58',3,-1,''),(350,707,0,1,0,-1,'2016-04-28 05:37:04',3,-1,''),(351,709,1,1,3,1,'2016-04-28 05:37:27',3,1,'gtnce5lo133727'),(352,716,0,1,0,-1,'2016-04-28 06:18:57',3,-1,''),(353,715,1,1,3,1,'2016-04-28 06:18:58',3,1,'nsm1d9gl141858'),(354,720,1,1,3,1,'2016-04-28 06:25:14',3,0,'rbgq0pl2142455'),(355,721,0,1,0,-1,'2016-04-28 06:46:54',3,-1,''),(356,722,0,1,0,-1,'2016-04-28 06:47:17',3,-1,''),(357,724,1,1,3,1,'2016-04-28 07:03:57',3,1,'u5z2desc150357'),(358,726,0,1,0,-1,'2016-04-28 07:04:31',3,-1,''),(359,727,1,1,3,1,'2016-04-28 07:04:32',3,1,'7mjzl65a150432'),(360,725,1,1,3,1,'2016-04-28 07:04:34',3,1,'58mzol1b150434'),(361,729,1,1,3,1,'2016-04-28 07:04:53',3,1,'g7m6kpqj150453'),(362,730,1,1,3,1,'2016-04-28 07:04:58',3,1,'w9eapofs150458'),(363,732,1,1,3,1,'2016-04-28 07:05:14',3,1,'byi9vl0r150514'),(364,734,0,1,0,-1,'2016-04-28 07:05:40',3,-1,''),(365,735,1,1,3,1,'2016-04-28 07:05:45',3,1,'aq1elph2150545'),(366,736,1,1,3,1,'2016-04-28 07:06:00',3,0,'m5tpu6rf150548'),(367,737,0,1,0,-1,'2016-04-28 07:06:17',3,-1,''),(368,739,1,1,3,1,'2016-04-28 07:06:39',3,0,'ktla2wns150630'),(369,742,0,1,0,-1,'2016-04-28 07:07:06',3,-1,''),(370,745,0,1,0,-1,'2016-04-28 07:07:31',3,-1,''),(371,749,1,1,3,1,'2016-04-28 07:08:00',3,1,'amtuseic150800'),(372,763,1,1,3,1,'2016-04-28 07:17:46',3,1,'pb6rizqx151746'),(373,764,0,1,0,-1,'2016-04-28 07:18:00',3,-1,''),(374,783,0,1,0,-1,'2016-04-28 07:25:13',3,-1,''),(375,811,1,1,3,1,'2016-04-28 14:54:25',130,1,'r39htnyb225425'),(376,812,1,1,3,1,'2016-04-28 14:55:34',130,0,'85yqem6u225520'),(377,813,0,1,0,-1,'2016-04-28 14:59:10',130,-1,''),(378,815,0,1,0,-1,'2016-04-28 15:03:20',130,-1,''),(379,816,1,1,3,1,'2016-04-28 15:09:54',69,1,'ukrxm2l0230954'),(380,817,0,1,0,-1,'2016-04-28 15:14:38',130,-1,''),(381,818,0,1,0,-1,'2016-04-28 15:14:46',130,-1,''),(382,819,1,1,3,1,'2016-04-28 15:15:22',130,1,'uycps9qi231522'),(383,840,1,1,3,1,'2016-04-28 15:54:05',3,1,'lx6yfgzi235405'),(384,843,0,1,0,-1,'2016-04-28 15:54:19',3,-1,''),(385,845,1,1,3,1,'2016-04-28 15:54:28',3,1,'0yfi8lbk235428'),(386,846,1,1,3,1,'2016-04-28 15:55:41',149,0,'b9ozfdpn235524'),(387,848,0,1,0,-1,'2016-04-28 15:58:37',150,-1,''),(388,851,1,1,3,1,'2016-04-28 16:00:43',69,1,'yb6gjuz2000043'),(389,855,0,1,0,-1,'2016-04-28 16:08:11',154,-1,''),(390,856,1,1,3,1,'2016-04-28 16:09:38',69,1,'ya8shkt1000938'),(391,886,1,1,3,1,'2016-04-29 00:24:23',3,1,'814xkpta082423'),(392,888,0,1,0,-1,'2016-04-29 00:25:38',3,-1,''),(393,889,1,1,3,1,'2016-04-29 00:25:52',3,1,'ph9ma84r082552'),(394,890,1,1,3,1,'2016-04-29 00:26:00',3,1,'nl5fawjg082600'),(395,891,1,1,3,1,'2016-04-29 00:26:06',3,1,'c5kbulvg082606'),(396,892,0,1,0,-1,'2016-04-29 00:26:17',3,-1,''),(397,916,0,1,0,-1,'2016-04-29 06:18:03',69,-1,''),(398,918,0,1,0,-1,'2016-04-29 06:18:20',203,-1,''),(399,921,0,1,0,-1,'2016-04-29 06:18:37',203,-1,''),(400,923,1,1,3,1,'2016-04-29 06:19:15',203,1,'x4adzmp3141915'),(401,925,1,1,3,1,'2016-04-29 06:21:59',203,1,'spgm2uyq142159'),(402,925,0,1,0,-1,'2016-04-29 06:22:03',203,-1,''),(403,926,1,1,3,1,'2016-04-29 06:36:56',69,0,'fqvxpz04143643'),(404,927,1,1,3,1,'2016-04-29 06:43:58',3,0,'cajnk2pu144343'),(405,928,0,1,0,-1,'2016-04-29 06:52:15',69,-1,''),(406,929,1,1,3,1,'2016-04-29 07:02:47',51,0,'nlsu98p4150208'),(407,929,0,1,0,-1,'2016-04-29 07:02:10',51,-1,''),(408,932,1,1,3,1,'2016-04-29 09:08:31',69,0,'vx9mkfzb170817'),(409,934,0,1,0,-1,'2016-04-29 09:08:35',3,-1,''),(410,935,0,1,0,-1,'2016-04-29 09:08:42',69,-1,''),(411,938,0,1,0,-1,'2016-04-29 09:08:56',69,-1,''),(412,940,0,1,0,-1,'2016-04-29 09:09:09',69,-1,''),(413,943,1,1,3,1,'2016-04-29 09:24:05',3,1,'6o5s3w02172405'),(414,950,0,1,0,-1,'2016-05-02 13:02:58',154,-1,''),(415,952,0,1,0,-1,'2016-05-02 13:03:17',154,-1,''),(416,955,0,1,0,-1,'2016-05-03 02:11:36',3,-1,''),(417,956,1,1,3,1,'2016-05-03 02:11:46',3,1,'6jfb5kuo101146'),(418,957,1,1,3,1,'2016-05-04 00:49:56',69,1,'d1e95f6p084956'),(419,958,0,1,0,-1,'2016-05-04 00:50:04',69,-1,''),(420,959,0,1,0,-1,'2016-05-04 00:50:12',69,-1,''),(421,960,1,1,3,1,'2016-05-04 00:50:21',69,1,'of59nivg085021'),(422,961,0,1,0,-1,'2016-05-04 00:50:29',69,-1,''),(423,962,0,1,0,-1,'2016-05-04 00:50:36',69,-1,''),(424,963,0,1,0,-1,'2016-05-04 01:27:53',3,-1,''),(425,964,1,1,3,3,'2016-05-04 01:28:05',3,1,'c2t7lsax092805'),(426,965,1,1,3,3,'2016-05-04 01:28:56',3,1,'705e6mdx092856'),(427,966,1,1,3,3,'2016-05-04 01:30:52',3,1,'g4norjep093052'),(428,967,1,1,3,3,'2016-05-04 03:08:58',3,1,'d5xng7hr110858'),(429,968,1,1,9,2,'2016-05-04 03:09:08',3,1,'fswtu5c8110908'),(430,969,1,1,9,2,'2016-05-04 03:09:28',3,1,'4nstx601110928'),(431,970,1,1,8,1,'2016-05-04 03:09:38',3,1,'vnt70x28110938'),(432,971,1,1,9,2,'2016-05-05 01:03:43',3,1,'24gskbhp090343'),(433,972,1,1,3,3,'2016-05-05 01:04:01',3,1,'rma4lgdi090401'),(434,973,1,1,3,3,'2016-05-05 01:04:20',3,1,'iwbf2xq0090420'),(435,974,0,1,0,-1,'2016-05-05 01:04:40',3,-1,''),(436,976,1,1,3,3,'2016-05-05 01:10:04',3,1,'lbxh5s9g091004'),(437,977,1,1,8,1,'2016-05-05 01:10:13',3,1,'em207vq4091013'),(438,978,1,1,9,2,'2016-05-05 01:10:27',3,1,'1s2yf46t091027'),(439,979,1,1,8,1,'2016-05-05 01:10:43',3,1,'nkzbuthc091043'),(440,980,1,1,3,3,'2016-05-05 01:10:54',3,1,'egmoap79091054'),(441,981,1,1,9,2,'2016-05-05 01:11:07',3,1,'9tyesd8b091107'),(442,982,1,1,9,2,'2016-05-05 02:23:05',69,1,'8cu4meo7102305'),(443,983,1,1,9,2,'2016-05-05 02:23:18',69,1,'9kmcsuwy102318'),(444,984,1,1,8,1,'2016-05-05 02:23:27',69,1,'f64orpvu102327'),(445,985,1,1,8,1,'2016-05-05 02:23:55',69,1,'w2vn71qb102355'),(446,986,1,1,8,1,'2016-05-05 02:24:12',69,1,'fmqhbriz102412'),(447,987,1,1,8,1,'2016-05-05 02:24:19',69,1,'kusr4jmf102419'),(448,988,1,1,3,3,'2016-05-05 02:25:07',69,1,'pz8lfyrj102507'),(449,990,1,1,9,2,'2016-05-05 02:25:15',69,1,'xq803uw7102515'),(450,991,1,1,9,2,'2016-05-05 02:25:24',69,1,'4q0srebw102524'),(451,989,1,1,9,2,'2016-05-05 02:25:47',3,0,'ehna9rd4102530'),(452,992,1,1,8,1,'2016-05-05 03:24:29',3,1,'23d0zfp4112429'),(453,993,1,1,3,3,'2016-05-05 03:24:50',3,1,'mov0rjcn112450'),(454,994,1,1,8,1,'2016-05-05 03:24:58',3,1,'71rw52li112458'),(455,995,1,1,8,1,'2016-05-05 03:25:10',3,1,'ybdr94fn112510'),(456,997,1,1,8,1,'2016-05-05 03:26:54',69,1,'uth4bolf112654'),(457,999,1,1,3,3,'2016-05-05 03:27:20',69,1,'2evqa6xy112720'),(458,1000,0,1,0,-1,'2016-05-05 03:27:34',69,-1,''),(459,1001,1,1,9,2,'2016-05-05 03:27:50',3,1,'av3nfy06112750'),(460,1004,1,1,3,3,'2016-05-05 03:27:54',69,1,'jys1d5xn112754'),(461,1005,1,1,8,1,'2016-05-05 03:28:02',3,1,'ua5krt7b112802'),(462,1007,1,1,9,2,'2016-05-05 03:28:15',3,1,'710qt8nr112815'),(463,1008,0,1,0,-1,'2016-05-05 03:28:47',3,-1,''),(464,1011,1,1,3,3,'2016-05-05 09:19:08',3,1,'4n52whtb171908'),(465,1013,1,1,9,2,'2016-05-05 09:19:37',3,0,'ihdvgn65171922'),(466,1014,1,1,9,2,'2016-05-05 09:19:36',3,1,'l3opusq8171936'),(467,1015,1,1,9,2,'2016-05-05 09:19:48',3,1,'n49qyh5a171948'),(468,1016,0,1,0,-1,'2016-05-05 09:19:52',3,-1,''),(469,1017,0,1,0,-1,'2016-05-05 09:20:00',3,-1,''),(470,1019,1,1,3,3,'2016-05-05 09:20:08',3,1,'wdyo7eir172008'),(471,1023,1,1,3,3,'2016-05-05 09:20:18',3,1,'r2h5w4ya172018'),(472,1020,1,1,3,3,'2016-05-05 09:20:23',69,1,'61ehg4mk172023'),(473,1024,1,1,8,1,'2016-05-05 09:20:27',3,1,'e4iyr9ca172027'),(474,1018,1,1,3,3,'2016-05-05 09:20:30',3,1,'er2gyx4i172030'),(475,1025,1,1,8,1,'2016-05-05 09:20:55',3,1,'trhn2z4s172055'),(476,1026,1,1,8,1,'2016-05-05 09:21:01',69,1,'xqcp91dk172101'),(477,1027,0,1,0,-1,'2016-05-05 09:21:09',3,-1,''),(478,1028,1,1,8,1,'2016-05-05 09:21:24',3,1,'h1lego7u172124'),(479,1029,1,1,3,3,'2016-05-05 09:21:33',3,1,'rvszaqo8172133'),(480,1030,1,1,3,3,'2016-05-05 09:21:48',3,1,'r3cgk7ux172148'),(481,1031,1,1,8,1,'2016-05-05 09:23:02',3,1,'smux2yki172302'),(482,1033,1,1,9,2,'2016-05-05 09:26:23',69,1,'erdx9h46172623'),(483,1034,1,1,3,3,'2016-05-06 00:37:35',69,1,'ov8th0gq083735'),(484,1036,1,1,3,3,'2016-05-06 06:10:54',164,0,'rkw9fynu141036'),(485,1037,1,1,8,1,'2016-05-06 06:11:22',3,1,'ebj35ghp141122'),(486,1039,1,1,9,2,'2016-05-06 06:12:29',3,1,'vr794y2l141229'),(487,1040,1,1,8,1,'2016-05-06 06:12:49',3,1,'mq8vcfea141249'),(488,1042,0,1,0,-1,'2016-05-09 01:06:26',69,-1,''),(489,1044,1,1,8,1,'2016-05-09 01:06:40',69,1,'0jxpu5v7090640'),(490,1046,1,1,9,2,'2016-05-10 13:43:23',154,1,'zw4yesih214323');
/*!40000 ALTER TABLE `luck_draw_result` ENABLE KEYS */;
UNLOCK TABLES;

--
-- Table structure for table `menu`
--

DROP TABLE IF EXISTS `menu`;
/*!40101 SET @saved_cs_client     = @@character_set_client */;
/*!40101 SET character_set_client = utf8 */;
CREATE TABLE `menu` (
  `id` mediumint(9) NOT NULL AUTO_INCREMENT,
  `route` varchar(80) DEFAULT '' COMMENT '菜单地址',
  `name` varchar(20) DEFAULT '' COMMENT '菜单名',
  `desc` tinytext COMMENT '菜单描述',
  `display` tinyint(1) DEFAULT '1',
  `icon` varchar(30) DEFAULT '',
  `parent` mediumint(9) NOT NULL DEFAULT '0',
  `index` tinyint(3) NOT NULL DEFAULT '0',
  PRIMARY KEY (`id`)
) ENGINE=MyISAM AUTO_INCREMENT=33 DEFAULT CHARSET=utf8;
/*!40101 SET character_set_client = @saved_cs_client */;

--
-- Dumping data for table `menu`
--

LOCK TABLES `menu` WRITE;
/*!40000 ALTER TABLE `menu` DISABLE KEYS */;
INSERT INTO `menu` VALUES (4,'javascript:;','系统设置','',1,'icon-settings',0,19),(5,'auth/index','权限管理','',1,'glyphicon glyphicon-tasks',4,15),(8,'site/index','数据汇总','控制面板',1,'',0,0),(9,'menu/index','菜单管理','',1,NULL,4,15),(10,'javascript:;','用户管理','',1,'icon-users',0,12),(23,'user/index','用户列表','',1,'',10,20),(25,'javascript:;','活动管理','',1,'',0,3),(26,'activity/list','活动列表','',1,'',25,1),(27,'javascript:;','设备管理','',1,'',0,3),(28,'devices/list','设备列表','',1,'',27,1),(29,'javascript:;','统计管理','',1,'',0,4),(30,'statistics/luck-draw-list','摇奖结果列表','',1,'',29,1),(31,'javascript:;','大区管理','',1,'',0,6),(32,'zones/index','大区列表','',1,'',31,1);
/*!40000 ALTER TABLE `menu` ENABLE KEYS */;
UNLOCK TABLES;

--
-- Table structure for table `prizes`
--

DROP TABLE IF EXISTS `prizes`;
/*!40101 SET @saved_cs_client     = @@character_set_client */;
/*!40101 SET character_set_client = utf8 */;
CREATE TABLE `prizes` (
  `id` int(11) NOT NULL AUTO_INCREMENT,
  `activity_id` int(11) DEFAULT NULL COMMENT '所属活动',
  `name` varchar(255) DEFAULT NULL COMMENT '奖品名称',
  `num` int(2) DEFAULT NULL COMMENT '奖品数量',
  `prize_level` tinyint(4) DEFAULT NULL COMMENT '奖品等级 0：特等奖 1：一等奖 2：二等奖 以此类推',
  `win_rate` float(5,3) DEFAULT NULL COMMENT '中奖率',
  `keyword` varchar(255) DEFAULT NULL COMMENT '奖品关键字',
  PRIMARY KEY (`id`)
) ENGINE=InnoDB AUTO_INCREMENT=10 DEFAULT CHARSET=utf8;
/*!40101 SET character_set_client = @saved_cs_client */;

--
-- Dumping data for table `prizes`
--

LOCK TABLES `prizes` WRITE;
/*!40000 ALTER TABLE `prizes` DISABLE KEYS */;
INSERT INTO `prizes` VALUES (3,1,'青岛啤酒                                  经典1903（330ml）一瓶',2917,3,0.300,'QINGDAO'),(6,2,'青岛啤酒1箱',4,1,0.200,'QINGDAO'),(7,2,'青岛啤酒6瓶',25,2,0.400,'QINGDAO'),(8,1,'青岛啤酒汽车防晒隔热遮阳板一个',80,1,0.300,'ZHEYANGBAN'),(9,1,'青岛啤酒打火机一个',82,2,0.300,'DAHUOJI');
/*!40000 ALTER TABLE `prizes` ENABLE KEYS */;
UNLOCK TABLES;

--
-- Table structure for table `terminal_user`
--

DROP TABLE IF EXISTS `terminal_user`;
/*!40101 SET @saved_cs_client     = @@character_set_client */;
/*!40101 SET character_set_client = utf8 */;
CREATE TABLE `terminal_user` (
  `id` int(11) NOT NULL AUTO_INCREMENT,
  `terminal_user_token` varchar(255) DEFAULT NULL COMMENT '终端用户标识',
  `role` tinyint(4) DEFAULT '0' COMMENT '0:消费者 1：促销员',
  `sign_in_num` int(2) DEFAULT NULL COMMENT '连续签到次数',
  `draw_luck_num` int(2) DEFAULT NULL COMMENT '抽奖机会数',
  `draw_luck_total` int(3) DEFAULT NULL COMMENT '总共抽奖次数',
  `last_luck_draw_time` int(11) NOT NULL,
  PRIMARY KEY (`id`)
) ENGINE=MyISAM AUTO_INCREMENT=1047 DEFAULT CHARSET=utf8;
/*!40101 SET character_set_client = @saved_cs_client */;

--
-- Dumping data for table `terminal_user`
--

LOCK TABLES `terminal_user` WRITE;
/*!40000 ALTER TABLE `terminal_user` DISABLE KEYS */;
INSERT INTO `terminal_user` VALUES (1,'123456789dfd',0,0,102,100,1461721175),(2,'v69uhidc8n20160424040138',0,-1,1,100,1000000),(3,'y4xnwvsoup20160424040245',0,-1,1,100,1000000),(4,'a8mkoviepx20160424040246',0,-1,1,100,1000000),(5,'utx768ifm120160424040246',0,-1,1,100,1000000),(6,'ce7x486j0d20160424040302',0,-1,1,100,1000000),(7,'b23pavjr9o20160424040340',0,-1,1,100,1000000),(8,'jrk0osq23n20160424040349',0,-1,1,100,1000000),(9,'w86c3lxydm20160424040400',0,-1,1,100,1000000),(10,'qvyowgnjfe20160424041103',0,-1,8,100,1461562726),(14,'w9fjsnoprz20160424041644',0,-1,1,100,1000000),(15,'kl3f4jy05s20160424041654',0,-1,1,100,1000000),(16,'gnlor5864j20160424041713',0,-1,1,100,1000000),(17,'wroyv73fxi20160424041722',0,-1,1,100,1000000),(23,'al1dxwhjfy20160424043001',0,-1,1,100,1000000),(24,'2aepd69v8r20160424043118',0,-1,1,100,1000000),(40,'02zwcruevh20160424135149',0,-1,1,100,1000000),(151,'5e8u4zht6i20160425125530',0,-1,0,100,1461473730),(32,'gsapilb1dx20160424043718',0,-1,1,100,1000000),(41,'d2vpjx896a20160424135230',0,-1,1,100,1000000),(42,'l3o67fgqkx20160424135435',0,-1,1,100,1000000),(43,'1mvtuiopq720160424135451',0,-1,1,100,1000000),(45,'v8i7mugzwp20160424135816',0,-1,1,100,1000000),(50,'pf7e0ir4j120160424140028',0,-1,1,100,1000000),(51,'j6fqa3me1r20160424140258',0,-1,1,100,1000000),(53,'ynhmc2ufzd20160424140415',0,-1,1,100,1000000),(55,'w8ytp1gmlu20160424140431',0,-1,1,100,1000000),(57,'4qson53j7920160424141730',0,-1,1,100,1461392250),(64,'m3zsdjy6ix20160424144715',0,-1,1,100,1461394035),(67,'6psqjx48lr20160424150629',0,-1,0,100,1461395189),(72,'2cwth69dva20160424150821',0,-1,0,100,1461395301),(78,'2qv7t5udk920160424151224',0,-1,0,100,1461395544),(81,'5dwk1jpgex20160424151726',0,-1,0,100,1461395846),(84,'52mavzpbif20160424151909',0,-1,0,100,1461395950),(88,'3tbjl0wm6g20160424151930',0,-1,0,100,1461395971),(103,'5ruoynzw8j20160424152941',0,-1,0,100,1461396581),(114,'pqb16gv3rs20160424172042',0,-1,0,100,1461403242),(116,'qa25iv0uxd20160424172339',0,-1,0,100,1461403419),(120,'16g4dxolaf20160424231823',0,-1,0,100,1461424703),(121,'thi589barj20160424231833',0,-1,0,100,1461424713),(122,'42khb7onfg20160424231842',0,-1,0,100,1461424722),(123,'nylk3jmghc20160424231846',0,-1,0,100,1461424726),(124,'25qu7lobsa20160424231855',0,-1,0,100,1461424735),(125,'axkz2gnesj20160424231904',0,-1,0,100,1461424744),(126,'1jer62b3x520160424231919',0,-1,0,100,1461424759),(128,'sowcy5ufnh20160425001943',0,-1,0,100,1461428383),(129,'g4kj1aw8nf20160425094705',0,-1,0,100,1461462425),(130,'bq7cmv0kla20160425095058',0,-1,0,100,1461462658),(131,'bqphuwy54820160425115717',0,-1,0,100,1461470237),(132,'aj7bkhstci20160425122827',0,-1,0,100,1461472107),(133,'al29r1so4p20160425122848',0,-1,0,100,1461472128),(134,'borx5dy4jq20160425123127',0,-1,0,100,1461472288),(136,'qvxgmhdt8u20160425123250',0,-1,0,100,1461472370),(138,'04nfk2wcqr20160425123414',0,-1,0,100,1461472454),(140,'3m2lvcudqg20160425123447',0,-1,0,100,1461472487),(142,'mgkaduwfx120160425123705',0,-1,0,100,1461472625),(143,'o7d8bwjhcx20160425124002',0,-1,0,100,1461472802),(144,'6jnwxi1coa20160425124310',0,-1,0,100,1461472990),(147,'3nfvi0ac7d20160425124739',0,-1,0,100,1461473259),(148,'umzan2194x20160425124912',0,-1,0,100,1461473352),(149,'bqxpan2dk520160425125126',0,-1,0,100,1461473486),(153,'oihg7aedfu20160425125619',0,-1,0,100,1461473779),(154,'kzav47fjtx20160425125915',0,-1,0,100,1461473955),(156,'rvqx53wem120160425130049',0,-1,0,100,1461474049),(158,'pj1s62ruow20160425130114',0,-1,0,100,1461474074),(162,'tmsg8hqzra20160425130932',0,-1,0,100,1461474572),(165,'xky59pghvr20160425131308',0,-1,0,100,1461474788),(168,'6i73qw598b20160425144424',0,-1,17,100,1461572355),(169,'kjiw84txcf20160425144447',0,-1,12,100,1461568295),(170,'zm8vy7crbo20160425144455',0,0,32,100,1461724270),(172,'tcvfkbh6n020160425144623',0,-1,0,100,1461480383),(173,'jkbxaht86p20160425144628',0,-1,0,100,1461480388),(175,'4hwsoc7qgu20160425144716',0,-1,0,100,1461480436),(176,'b20khzjlpd20160425144745',0,-1,8,100,1461568276),(178,'wry6x184cm20160425144807',0,-1,0,100,1461480488),(183,'0fqncdgl5x20160425145105',0,-1,0,100,1461480665),(197,'4vq2mahkwe20160425145436',0,-1,0,100,1461480876),(200,'mkcq7f9i5w20160425145443',0,-1,0,100,1461480883),(209,'ev8n7xu9sr20160425145543',0,-1,0,100,1461480943),(211,'y5izonxh1k20160425145550',0,-1,0,100,1461480950),(212,'3dpyje70ok20160425145554',0,-1,0,100,1461480954),(233,'iq7kug85op20160425151139',0,-1,0,100,1461481899),(226,'it9m1l7gsc20160425151109',0,-1,0,100,1461481869),(229,'z4bjvx3rpt20160425151117',0,-1,0,100,1461481877),(236,'6zf5j0391420160425151941',0,-1,0,100,1461482381),(242,'x684a2jnhk20160425153006',0,-1,0,100,1461483006),(245,'lwog8bdihf20160425153413',0,-1,0,100,1461483253),(254,'d7x4upv6ha20160425161925',0,-1,0,100,1461485965),(255,'ax1euqvnfh20160425161925',0,-1,0,100,1461485965),(265,'sdg3irf0zk20160426134320',0,-1,0,1,1461563000),(357,'cndex5tjys20160427095015',0,-1,0,1,1461635415),(262,'ld3i0jb8pn20160426132108',0,0,1,1,1461648136),(267,'i78klo3z0v20160426134531',0,-1,0,1,1461563131),(268,'6kiomr2qat20160426134921',0,-1,0,1,1461563361),(270,'mj7qg53k8i20160426135049',0,-1,0,1,1461563449),(274,'d0pfs42c8n20160426135812',0,-1,0,1,1461563892),(278,'5ewaxht24f20160426143800',0,-1,0,1,1461566280),(281,'hem65wscbt20160426144159',0,-1,0,1,1461566519),(284,'31cpgawsno20160426145720',0,-1,0,1,1461567440),(286,'5icl179tou20160426150144',0,-1,0,1,1461567704),(290,'o6xp5aklfm20160426152336',0,-1,0,1,1461569016),(292,'uxs10w9v8620160426152823',0,-1,0,1,1461569303),(294,'py2qtc01sv20160426153232',0,-1,0,1,1461569552),(296,'peujb2x5gn20160426153900',0,-1,0,1,1461569940),(298,'87kngalfis20160426154323',0,-1,0,1,1461570203),(300,'h0dsx5gbja20160426154742',0,-1,0,1,1461570462),(302,'c5n03qhzuy20160426155430',0,-1,0,1,1461570870),(304,'b7uz0oxdj420160426155826',0,-1,0,1,1461571106),(306,'rn7kle4f8i20160426160155',0,-1,0,1,1461571315),(309,'co0g9ysplt20160426160725',0,-1,0,1,1461571645),(311,'n4gli628ea20160426161308',0,-1,0,1,1461571988),(313,'69sxnr5tld20160426161706',0,-1,0,1,1461572226),(318,'zln5epiag320160426162505',0,-1,0,1,1461572705),(320,'x8gnir42km20160426162916',0,-1,0,1,1461572956),(322,'bnox6s7kw820160426163439',0,-1,0,1,1461573279),(324,'g4hkjfb15v20160426163854',0,-1,0,1,1461573534),(326,'0zuygm4l9520160426164324',0,-1,0,1,1461573804),(328,'umltyv98kg20160426164944',0,-1,0,1,1461574184),(329,'o1ah27xbwf20160426165206',0,0,2,1,1461660747),(331,'fqe2d1y5tz20160426165443',0,-1,0,1,1461574483),(333,'ig7x5hmnt220160426165856',0,-1,0,1,1461574737),(341,'45jmc2gpbz20160426171135',0,-1,0,1,1461575495),(344,'90m4j81np720160426175619',0,-1,0,1,1461578179),(345,'lbqgx18wnj20160426180025',0,-1,0,1,1461578425),(346,'bnemzyl20p20160426180606',0,-1,0,1,1461578766),(347,'bgqln6itcw20160426180617',0,-1,0,1,1461578777),(348,'p429q3fyig20160426181016',0,-1,0,1,1461579016),(349,'23nvahjori20160426181330',0,-1,0,1,1461579210),(354,'58b3g46z0l20160427093955',0,-1,0,1,1461634795),(358,'crqajwp3ye20160427095347',0,-1,0,1,1461635627),(360,'xhmc0luy5g20160427100417',0,-1,0,1,1461636257),(362,'p7d3mkif4s20160427103148',0,-1,0,1,1461637908),(363,'31q46ib8af20160427103914',0,-1,0,1,1461638354),(364,'2lmxneo8g920160427104238',0,-1,0,1,1461638558),(365,'40zi78mrho20160427104511',0,-1,0,1,1461638711),(366,'197elzpbnw20160427105319',0,-1,0,1,1461639199),(367,'v13zmouawp20160427105539',0,-1,0,1,1461639339),(368,'u0x29cjzwi20160427105805',0,-1,0,1,1461639485),(369,'13enf692pu20160427110037',0,-1,0,1,1461639637),(370,'ipqojahxn820160427114153',0,-1,0,1,1461642113),(371,'vg7ydk98q120160427114605',0,-1,0,1,1461642365),(372,'reg0lyo4qb20160427114817',0,-1,0,1,1461642497),(373,'mot2cyul4h20160427115036',0,-1,0,1,1461642636),(374,'koxshauqec20160427115445',0,-1,0,1,1461642885),(375,'sbo8vicja420160427115715',0,-1,0,1,1461643035),(376,'vq8b9j1e6x20160427120127',0,-1,0,1,1461643287),(377,'t8x4n7b06220160427120407',0,-1,0,1,1461643447),(378,'5tabjm2i4p20160427120436',0,-1,0,1,1461643476),(379,'qlz8h3cdjy20160427120710',0,-1,0,1,1461643630),(380,'kn1mgluysb20160427120933',0,-1,0,1,1461643773),(382,'8voyghscia20160427121337',0,-1,0,1,1461644017),(383,'lgumsqpwo020160427121550',0,-1,0,1,1461644150),(384,'vi7phuwnxe20160427121611',0,-1,0,1,1461644171),(385,'z4tijy0x6k20160427122004',0,-1,0,1,1461644404),(386,'j624gnxyf820160427122206',0,-1,0,1,1461644526),(387,'34z1wk2esj20160427122455',0,-1,0,1,1461644695),(388,'mh1frvcjxk20160427122515',0,-1,0,1,1461644715),(389,'9l3dh8si4x20160427122532',0,-1,0,1,1461644732),(390,'ngbjihqw9020160427122612',0,-1,0,1,1461644772),(391,'3vmrgcbnti20160427122845',0,-1,0,1,1461644925),(392,'ngis0kf8v520160427123122',0,-1,0,1,1461645082),(393,'won4udg6my20160427123334',0,-1,0,1,1461645214),(394,'519nquby4d20160427123751',0,-1,0,1,1461645471),(395,'4h2qd37rl920160427123955',0,-1,0,1,1461645595),(397,'7eq12yn5w320160427124352',0,-1,0,1,1461645833),(398,'2hmipv5fne20160427125552',0,-1,0,1,1461646552),(399,'7pgsbtdqc120160427125839',0,-1,0,1,1461646719),(400,'q9kuz57adc20160427130522',0,-1,0,1,1461647122),(401,'3g71nsqhjd20160427130905',0,-1,0,1,1461647345),(402,'sjxqo1uc0f20160427131138',0,-1,0,1,1461647498),(403,'wmpe6ht7j520160427131151',0,-1,0,1,1461647511),(404,'vc7n3abei420160427131228',0,0,1,1,1461733972),(405,'2k3puhl15o20160427131425',0,0,1,1,1461734071),(406,'jfl037oe5m20160427131436',0,-1,0,1,1461647676),(407,'iqgd384h0n20160427131715',0,-1,0,1,1461647835),(408,'kvwut8x0aq20160427131945',0,-1,0,1,1461647985),(409,'m798xf6v1a20160427132356',0,-1,0,1,1461648236),(410,'ndohfimu8j20160427132636',0,-1,0,1,1461648396),(411,'vw8rlezjxc20160427132932',0,-1,0,1,1461648572),(412,'972jar3ts520160427133018',0,0,1,1,1461735038),(413,'5p12gfulde20160427133117',0,-1,0,1,1461648677),(414,'qtcnzpj03f20160427133606',0,0,1,1,1461735369),(415,'msc81jhtgx20160427133648',0,-1,0,1,1461649008),(416,'i4j5uth1n620160427134030',0,0,1,1,1461735641),(417,'v9hec0gqpi20160427134053',0,0,1,1,1461735656),(418,'ordnc9w8fu20160427134119',0,-1,0,1,1461649279),(419,'c9m4o6dgpx20160427134147',0,0,1,1,1461735717),(420,'26jdy03m7h20160427134447',0,0,1,1,1461735903),(421,'p62d9814bx20160427134510',0,-1,0,1,1461649510),(422,'fmqc04pijv20160427134831',0,-1,0,1,1461649711),(423,'qfup68ansv20160427134916',0,0,1,1,1461736240),(424,'neo9uwi23s20160427135323',0,-1,0,1,1461650003),(425,'wx6revlq7t20160427135345',0,-1,0,1,1461650025),(426,'8sz63v0pon20160427135614',0,-1,0,1,1461650174),(427,'oy8js3k5tr20160427135726',0,-1,0,1,1461650246),(428,'0lhrzdcbnq20160427135829',0,-1,0,1,1461650309),(429,'51dtfz8hi620160427135855',0,-1,0,1,1461650335),(430,'ufey0zj7ab20160427140219',0,-1,0,1,1461650539),(431,'xcb4a2fd0820160427140456',0,-1,0,1,1461650696),(432,'hfdr9p5wk720160427140519',0,-1,0,1,1461650719),(433,'3ept6jwb7m20160427140702',0,0,1,1,1461737261),(434,'rjpmb5h8i120160427140827',0,-1,0,1,1461650907),(435,'sebjd132nh20160427141107',0,-1,0,1,1461651067),(436,'eyf3wn2kgs20160427141125',0,-1,0,1,1461651085),(437,'49jpvqu3s020160427141147',0,0,1,1,1461737516),(438,'nf4zvwo5xk20160427141312',0,-1,0,1,1461651192),(439,'na87t4eu6b20160427141600',0,-1,0,1,1461651360),(440,'josmfqik9y20160427141844',0,-1,0,1,1461651524),(441,'4crmuq5i2320160427142132',0,-1,0,1,1461651692),(442,'dqg4b5k2vl20160427142406',0,-1,0,1,1461651846),(443,'gedht8w09r20160427142633',0,-1,0,1,1461651993),(444,'y5qagb6xtc20160427142649',0,0,1,1,1461738434),(445,'x3btlop2i020160427142910',0,-1,0,1,1461652150),(446,'kecqnm9py120160427151726',0,-1,0,1,1461655046),(447,'w8szghx9lq20160427152141',0,-1,0,1,1461655301),(448,'69eaxsg3by20160427152439',0,-1,0,1,1461655479),(449,'3h0yf2wmxo20160427152754',0,0,1,1,1461742083),(450,'etfoaijw9420160427153314',0,-1,0,1,1461655994),(451,'x7mubigd8h20160427153431',0,0,1,1,1461742474),(452,'oe0zv1rpwa20160427153437',0,-1,0,1,1461656077),(453,'zohgmf4iap20160427153713',0,0,1,1,1461742636),(454,'57fbenlx1820160427153720',0,-1,0,1,1461656240),(455,'nkaq5gspiw20160427153944',0,0,1,1,1461742788),(456,'5slhfavk2z20160427153952',0,-1,0,1,1461656392),(457,'m1v7xan8g220160427154238',0,0,1,1,1461742960),(458,'9txd7w56i220160427154246',0,-1,0,1,1461656566),(459,'i8noyb9kxq20160427154448',0,0,1,1,1461743090),(460,'4eua6tqs9y20160427154455',0,-1,0,1,1461656695),(461,'fz537bvqcx20160427154535',0,-1,0,1,1461656735),(462,'7oczxniwja20160427154753',0,0,1,1,1461743277),(463,'x9i06r8lqt20160427155001',0,-1,0,1,1461657001),(464,'hl32uesftq20160427155342',0,-1,0,1,1461657222),(465,'oihdps8j3v20160427155606',0,-1,0,1,1461657366),(466,'whdx09jkrn20160427155832',0,-1,0,1,1461657512),(467,'osr3iwtng820160427160038',0,-1,0,1,1461657638),(468,'r4z5sxwycf20160427160243',0,-1,0,1,1461657763),(469,'wae6jci79f20160427160500',0,-1,0,1,1461657900),(470,'h07b9o8kir20160427160711',0,-1,0,1,1461658031),(471,'wdco74exp620160427160920',0,-1,0,1,1461658160),(472,'dxw4hjk9cu20160427161134',0,-1,0,1,1461658294),(473,'s7igjmq2t020160427161349',0,-1,0,1,1461658429),(474,'pafojq460220160427161831',0,-1,0,1,1461658711),(475,'r5yht3swlx20160427162100',0,-1,0,1,1461658860),(476,'m2vfj3ycka20160427162316',0,-1,0,1,1461658996),(477,'1oelt5dpyi20160427162324',0,0,1,1,1461745410),(478,'yzogpnvbqu20160427162333',0,-1,0,1,1461659013),(479,'8he6tzpckb20160427162555',0,0,1,1,1461745558),(480,'yoi618w4kc20160427163203',0,0,1,1,1461745929),(481,'0kr57exhcl20160427163216',0,-1,0,1,1461659536),(482,'vgshz0feto20160427164016',0,0,1,1,1461746421),(483,'v81kdq5hgw20160427172651',0,-1,0,1,1461662811),(484,'dhn0cwgxy820160427172941',0,-1,0,1,1461662981),(485,'malgj0vo5q20160427173108',0,0,1,1,1461749692),(486,'gecby3hn0m20160427173531',0,0,1,1,1461749742),(487,'vnywuz1ekm20160427173733',0,0,1,1,1461749856),(488,'xnl4wiko7q20160427173758',0,0,1,1,1461749880),(489,'jcgbyaem7p20160427173941',0,-1,0,1,1461663581),(490,'3hkscvxtug20160427174232',0,0,1,1,1461750155),(491,'a7bnmeqv4i20160427174245',0,0,1,1,1461750168),(492,'2azmk8q5yb20160427174426',0,0,1,1,1461750269),(493,'wnysqeh7xa20160427174505',0,-1,0,1,1461663905),(494,'rk0n1x9il720160427174505',0,0,1,1,1461750308),(495,'boum6gfxly20160427174511',0,0,1,1,1461750313),(496,'ub0g4lspda20160427174523',0,-1,0,1,1461663923),(497,'doq4vinb8720160427182631',0,0,1,1,1461752799),(498,'kjlxbsc59h20160427182647',0,0,1,1,1461752809),(499,'hur8g0yzem20160427185314',0,-1,0,1,1461667994),(500,'j0axlifobw20160427185525',0,-1,0,1,1461668125),(501,'cspl9ezar220160427185527',0,-1,0,1,1461668127),(502,'3jcqfky2rv20160427185659',0,-1,0,1,1461668219),(503,'d0xq6frtgc20160427185744',0,-1,0,1,1461668264),(504,'dkfgroci0620160427185822',0,-1,0,1,1461668302),(505,'kvzfbpu6ei20160427190058',0,-1,0,1,1461668458),(506,'x6nqt85i9o20160427190233',0,-1,0,1,1461668553),(507,'y03ltr1bwn20160427190302',0,-1,0,1,1461668582),(508,'yk6v9fhr1u20160427190303',0,-1,0,1,1461668583),(509,'hy91rjmeop20160427190520',0,0,1,1,1461755125),(510,'cwrsjyt7qa20160427190532',0,-1,0,1,1461668732),(511,'fxkl0h76iy20160427190543',0,0,1,1,1461755146),(512,'rswcpxz31u20160427190626',0,-1,0,1,1461668786),(513,'mn9ksbge2l20160427190628',0,0,1,1,1461755195),(514,'2cidgyxoaz20160427190640',0,0,1,1,1461755202),(515,'yv6jk1wb2m20160427190647',0,0,1,1,1461755210),(516,'mqt518udwb20160427190905',0,0,1,1,1461755379),(517,'2ig3pvsnyd20160427191020',0,0,1,1,1461755424),(518,'68075ilrtz20160427191030',0,-1,0,1,1461669030),(519,'ph1dya65rv20160427191033',0,0,1,1,1461755435),(520,'gt1li5ynzj20160427192050',0,-1,0,1,1461669650),(521,'mgv76kpd3220160427192439',0,-1,0,1,1461669880),(522,'m1769vldep20160427192914',0,-1,0,1,1461670154),(523,'xf1ucgaslw20160427193003',0,-1,0,1,1461670203),(524,'1hg57rt9mv20160427193107',0,0,1,1,1461756677),(525,'34vdh0pmye20160427193153',0,-1,0,1,1461670313),(526,'2ou8vqz9gk20160427193226',0,0,1,1,1461756748),(527,'r7g1q8l5s920160427193226',0,0,1,1,1461756750),(528,'jtkaxy2zqn20160427193321',0,0,1,1,1461756813),(529,'ypu6qabwz520160427193511',0,0,1,1,1461756917),(530,'i7w3fv2jr620160427193554',0,0,1,1,1461756961),(531,'ceam51wxrg20160427193604',0,0,1,1,1461756967),(532,'tgw93urqzo20160427194324',0,-1,0,1,1461671004),(533,'jscd2tpwih20160427194511',0,0,1,1,1461757517),(534,'hse7a250io20160427194524',0,0,1,1,1461757527),(535,'i7xpah9sft20160427212917',0,-1,0,1,1461677357),(536,'gxyjlrsamf20160427212950',0,-1,0,1,1461677390),(537,'8zy5j7erc320160427213415',0,-1,0,1,1461677655),(538,'i3udram0j920160427213546',0,-1,0,1,1461677746),(539,'a6qjspnizw20160427231605',0,-1,0,1,1461683765),(540,'en5o1ps9ci20160427235208',0,-1,0,1,1461685928),(541,'niw0zds9eq20160428090832',0,-1,0,1,1461719312),(542,'wqptjr537220160428090904',0,-1,0,1,1461719344),(543,'bqe7o9c2at20160428090945',0,-1,0,1,1461719385),(544,'ietxrknpz020160428090956',0,-1,0,1,1461719396),(545,'9gy7ork2ti20160428091006',0,-1,0,1,1461719406),(546,'6452uwjexq20160428091042',0,-1,0,1,1461719442),(547,'k29ce50fpj20160428091125',0,-1,0,1,1461719485),(548,'aj4lsv82ir20160428091146',0,-1,0,1,1461719506),(549,'tp3qczwbsi20160428091153',0,0,1,1,1461805967),(550,'e8gmhluda320160428091216',0,0,1,1,1461805953),(551,'ju0zv5p46f20160428091239',0,0,1,1,1461805961),(552,'a4c3gjuizh20160428091240',0,0,1,1,1461805973),(553,'qckjebahm720160428091241',0,0,1,1,1461805964),(554,'edgp69b1vr20160428091249',0,0,1,1,1461805971),(555,'sohxg3zpby20160428091252',0,0,1,1,1461805974),(556,'vr6ldxjc9p20160428091256',0,0,1,1,1461805978),(557,'uo58ckjlay20160428091256',0,0,1,1,1461805978),(558,'1rkax20yfd20160428091258',0,0,1,1,1461805979),(559,'v8e05639y120160428091259',0,0,1,1,1461805981),(560,'31kp945vxi20160428091302',0,0,1,1,1461805983),(561,'o2684dzg3l20160428091302',0,0,1,1,1461805984),(562,'trleih63nj20160428091305',0,0,1,1,1461805998),(563,'urgjtedbzi20160428091306',0,0,1,1,1461805987),(564,'7w25femkzp20160428091306',0,0,1,1,1461805988),(565,'efam59kh4q20160428091311',0,0,1,1,1461805993),(566,'14dcif85hr20160428091313',0,0,1,1,1461805999),(567,'cv8wn0bj4r20160428091318',0,0,1,1,1461806004),(568,'m4h7k206it20160428091328',0,0,1,1,1461806012),(569,'irjon1yapt20160428091336',0,0,1,1,1461806019),(570,'5ytq78lri020160428091337',0,0,1,1,1461806021),(571,'to0bexzs9k20160428091344',0,0,1,1,1461806026),(572,'4jqx92zrud20160428091351',0,0,1,1,1461806037),(573,'x3vu7serbn20160428091358',0,0,1,1,1461806045),(574,'dju8o7xt9y20160428091405',0,0,1,1,1461806046),(577,'d2wcemn6ia20160428092259',0,0,1,1,1461806583),(576,'zv2yem81wq20160428091443',0,0,2,1,1461806090),(578,'3zvm9jluey20160428092329',0,-1,0,1,1461720209),(579,'y4ev5z8d6j20160428092354',0,0,1,1,1461806640),(580,'zqt8lsx1da20160428092422',0,0,1,1,1461806672),(581,'ud7h9l25p620160428092505',0,0,1,1,1461806709),(582,'zy0bsh8lax20160428092512',0,0,2,1,1461806715),(583,'e1txbsj5z320160428092629',0,0,1,1,1461806791),(584,'i7vrjq350c20160428092634',0,0,1,1,1461806797),(585,'1458syztr020160428092641',0,0,1,1,1461806803),(586,'grl7ewiv8620160428092646',0,0,1,1,1461806808),(587,'wb6ueijqnt20160428092651',0,0,1,1,1461806813),(588,'q4fchnk29b20160428092659',0,0,1,1,1461806822),(589,'31dz87i0p520160428092840',0,0,1,1,1461806940),(590,'0a73i9ekdj20160428092903',0,0,1,1,1461806944),(591,'emulp3agsi20160428093608',0,-1,0,1,1461720968),(592,'9qxv4f8c2r20160428093627',0,-1,0,1,1461720987),(593,'ftdc3wvsbj20160428093716',0,0,1,1,1461807440),(594,'rmxy1qjies20160428093724',0,0,1,1,1461807445),(595,'dl6bh07e1w20160428093728',0,0,1,1,1461807449),(596,'3t76xceozf20160428093732',0,0,1,1,1461807453),(597,'tcopq63umf20160428093736',0,0,1,1,1461807457),(598,'d4spflzexv20160428093739',0,0,1,1,1461807461),(599,'7er3afgoxt20160428093744',0,0,1,1,1461807465),(600,'5q2kvmfycz20160428093748',0,0,1,1,1461807469),(601,'zt985cl1ax20160428094221',0,0,1,1,1461807743),(602,'edy04nalqj20160428094226',0,0,1,1,1461807747),(603,'1nx0smvclk20160428094821',0,0,1,1,1461808103),(604,'4v7kcq8lny20160428094825',0,0,1,1,1461808106),(605,'bd146el79w20160428094828',0,0,1,1,1461808110),(606,'g8vsd1p5lt20160428095446',0,0,1,1,1461808487),(607,'39p8olhxv520160428095450',0,0,1,1,1461808492),(608,'ghbyiu5dm620160428095525',0,-1,0,1,1461722125),(609,'s9en37mfud20160428103703',0,0,1,1,1461811036),(610,'inph75q2lg20160428103722',0,0,1,1,1461811044),(611,'7p0drleagn20160428104429',0,0,1,1,1461811472),(612,'pl30kfqwx720160428104437',0,-1,0,1,1461725077),(613,'igjop9wv3k20160428110224',0,0,1,1,1461812558),(614,'9uip7g5nlj20160428110331',0,0,1,1,1461812613),(615,'5glj6tdxor20160428110454',0,-1,0,1,1461726294),(616,'7kvyqmun5220160428110615',0,-1,0,1,1461726375),(617,'kd6t4s59ej20160428110704',0,0,1,1,1461812850),(618,'ywgzkjab4n20160428110849',0,0,1,1,1461812938),(619,'paybdjufxq20160428110851',0,0,1,1,1461812939),(620,'0o9rc1lv4h20160428110904',0,-1,0,1,1461726545),(621,'w7bfu0t3jk20160428110906',0,0,1,1,1461812948),(622,'erltq3nmz820160428110912',0,0,1,1,1461812954),(623,'u0tnpozla920160428110918',0,0,1,1,1461812960),(624,'fajkct2ol520160428110924',0,0,1,1,1461812966),(625,'14lp03h2gy20160428110928',0,0,1,1,1461812973),(626,'k9mgruwt6z20160428110930',0,0,1,1,1461812971),(627,'egy024qxcm20160428110935',0,0,1,1,1461812976),(628,'ty7h2ls5xr20160428110939',0,-1,0,1,1461726579),(629,'oe69bq4mj120160428111132',0,-1,0,1,1461726692),(630,'szn30rp4ck20160428111520',0,0,1,1,1461813327),(631,'1flamjqkc820160428111537',0,0,1,1,1461813339),(632,'4gad6u5beh20160428111542',0,0,1,1,1461813344),(633,'c8yz3motfp20160428111548',0,0,1,1,1461813351),(634,'a2x0tc56wy20160428111556',0,0,1,1,1461813358),(635,'plq63ywtcx20160428111602',0,-1,0,1,1461726962),(636,'i4wm0cy2u120160428111604',0,0,1,1,1461813366),(637,'qxgb1t76jn20160428111608',0,-1,0,1,1461726968),(638,'4tcd9ohevb20160428111611',0,0,1,1,1461813372),(639,'5ej9r1a7d620160428111614',0,-1,0,1,1461726974),(640,'9jg4wdpl5h20160428111616',0,0,1,1,1461813378),(641,'em4ofv7jay20160428111624',0,0,1,1,1461813389),(642,'sa6o2xqjt420160428111633',0,-1,0,1,1461726993),(643,'lvucfpzk2520160428111635',0,0,1,1,1461813400),(644,'y0drpsmek320160428111645',0,0,1,1,1461813407),(645,'i6zp13njv920160428111647',0,0,1,1,1461813417),(646,'fkzu0p1ia920160428111656',0,0,1,1,1461813419),(647,'vc63wsnbu220160428111705',0,0,1,1,1461813426),(648,'zbt2h81cf620160428111720',0,0,1,1,1461813442),(649,'oqpaty8nsj20160428111727',0,0,1,1,1461813452),(650,'qh5jo8m0f320160428111728',0,0,1,1,1461813451),(651,'9vxm4u78aw20160428111738',0,0,1,1,1461813461),(652,'9s3qogp4xb20160428111739',0,0,1,1,1461813462),(653,'nr298omviu20160428111858',0,-1,0,1,1461727138),(654,'cphnx5429g20160428111920',0,-1,0,1,1461727160),(655,'4byx0um29a20160428112114',0,-1,0,1,1461727274),(656,'bprt3v65j220160428112216',0,0,1,1,1461813745),(657,'rivx09ekt720160428112235',0,0,1,1,1461813756),(658,'1v5sk4a8b220160428112238',0,0,1,1,1461813764),(659,'skx8d0u3ze20160428112246',0,-1,0,1,1461727366),(660,'3zse4gjynf20160428114845',0,0,1,1,1461815332),(661,'6al1w9i2xt20160428122219',0,-1,0,1,1461730939),(662,'b3xhvnfs0z20160428122241',0,-1,0,1,1461730961),(663,'jweuvrmx4t20160428122402',0,-1,0,1,1461731042),(664,'tfc04qirzo20160428122419',0,-1,0,1,1461731059),(665,'vbwid0x57m20160428122447',0,-1,0,1,1461731087),(666,'lqamnk2ei820160428122533',0,-1,0,1,1461731133),(667,'asf3qolg1b20160428123336',0,-1,0,1,1461731616),(668,'yz1ra8kpb720160428123338',0,-1,0,1,1461731618),(669,'gl6i10vwze20160428124529',0,-1,0,1,1461732329),(670,'57tagk4ojm20160428124605',0,-1,0,1,1461732365),(671,'vbqfkdtpi020160428124615',0,-1,0,1,1461732375),(672,'f953yzp7nc20160428131848',0,-1,0,1,1461734328),(673,'qgsbl59hai20160428131908',0,0,1,1,1461820753),(674,'rwcshaqi7120160428131926',0,-1,0,1,1461734366),(675,'39r1fwjnyo20160428131946',0,-1,0,1,1461734386),(676,'q7c19apho320160428132001',0,0,1,1,1461820806),(677,'lc1esu6o0r20160428132017',0,0,1,1,1461820824),(678,'8se9wvyxl720160428132656',0,0,1,1,1461821222),(679,'gz98isjotc20160428132713',0,0,1,1,1461821236),(680,'0wzx7v954d20160428132735',0,0,1,1,1461821259),(681,'id4cubx6ms20160428132750',0,-1,0,1,1461734870),(682,'bs1e9wpfmg20160428133321',0,-1,0,1,1461735201),(683,'ieom2nc0gb20160428133341',0,0,1,1,1461821627),(684,'6e5hxldgq820160428133341',0,-1,0,1,1461735221),(685,'5glaqr7uhn20160428133346',0,-1,0,1,1461735226),(686,'v50p72idty20160428133356',0,-1,0,1,1461735236),(687,'tgfjola5pz20160428133402',0,-1,0,1,1461735242),(688,'h8uatq3bi120160428133419',0,-1,0,1,1461735259),(689,'tp5izjxw7d20160428133423',0,-1,0,1,1461735263),(690,'ux8opaw9vl20160428133424',0,-1,0,1,1461735265),(691,'9pd4cbrmzt20160428133443',0,0,1,1,1461821689),(692,'c5efgdtyl820160428133443',0,0,1,1,1461821720),(693,'j5aveu9lb320160428133450',0,0,1,1,1461821706),(694,'ynkdetzwv120160428133510',0,0,1,1,1461821719),(695,'l6okem2atx20160428133514',0,-1,0,1,1461735314),(696,'xa89t76n2v20160428133533',0,-1,0,1,1461735333),(697,'toyzljsgwb20160428133543',0,0,1,1,1461821750),(698,'knfczqsv9020160428133555',0,-1,0,1,1461735355),(699,'gdwkzyn0eb20160428133601',0,0,1,1,1461821779),(700,'w3ezis7vak20160428133623',0,-1,0,1,1461735383),(701,'tbi6mfg32o20160428133624',0,0,1,1,1461821793),(702,'fv8qpbr5e420160428133641',0,-1,0,1,1461735401),(703,'ieco431nwh20160428133645',0,0,1,1,1461821816),(704,'h053fnzmuk20160428133645',0,0,1,1,1461821818),(705,'tmoi5x2uwj20160428133648',0,0,1,1,1461821814),(706,'lau6f4rbgj20160428133650',0,0,1,1,1461821814),(707,'n2egv3m7sz20160428133654',0,0,1,1,1461821824),(708,'4hxwm7i9gz20160428133702',0,-1,0,1,1461735423),(709,'g5e0b3tlws20160428133724',0,0,1,1,1461821847),(710,'398kwgonmv20160428133750',0,-1,0,1,1461735470),(711,'fk9z1bphda20160428133757',0,-1,0,1,1461735477),(712,'pomgy4hrb720160428134608',0,-1,0,1,1461735968),(713,'4132gbtm0v20160428140512',0,-1,0,1,1461737112),(714,'lj05a3du1420160428140520',0,-1,0,1,1461737120),(715,'8437bnvjp220160428141851',0,0,1,1,1461824338),(716,'emixh08wpb20160428141852',0,0,1,1,1461824337),(717,'ic0gbowmvj20160428141918',0,-1,0,1,1461737958),(718,'j9s4etprgx20160428141934',0,-1,0,1,1461737974),(719,'ypk4ar9v3g20160428141940',0,-1,0,1,1461737980),(720,'kztj3dy24v20160428142452',0,0,1,1,1461824695),(721,'t4fy8xqsom20160428144645',0,0,1,1,1461826014),(722,'nl5szck8ad20160428144715',0,0,1,1,1461826037),(723,'jz1o9ipdca20160428150332',0,-1,0,1,1461740612),(724,'vui01n6azt20160428150351',0,0,1,1,1461827037),(725,'gk5mi96n3820160428150409',0,0,1,1,1461827074),(726,'a07pi5kz3h20160428150421',0,0,1,1,1461827071),(727,'5pkd82v9oe20160428150424',0,0,1,1,1461827072),(728,'nwjc15srly20160428150436',0,-1,0,1,1461740676),(729,'4iq10pxfdw20160428150449',0,0,1,1,1461827093),(730,'hs9y3ukl6i20160428150454',0,0,1,1,1461827098),(731,'wxuvcj78oe20160428150454',0,-1,0,1,1461740695),(732,'h54u0vrw9m20160428150509',0,0,1,1,1461827114),(733,'qxogkd50bp20160428150522',0,-1,0,1,1461740722),(734,'ruo2pnye7120160428150535',0,0,1,1,1461827140),(735,'ymkcxobztd20160428150540',0,0,1,1,1461827145),(736,'usq80i7b9y20160428150544',0,0,1,1,1461827148),(737,'idw2ahlkxu20160428150612',0,0,1,1,1461827177),(738,'ltbz835kc920160428150620',0,-1,0,1,1461740780),(739,'upf4rt7exa20160428150627',0,0,1,1,1461827190),(740,'ng6wzsydla20160428150630',0,-1,0,1,1461740790),(741,'pt2ra1insw20160428150633',0,-1,0,1,1461740793),(742,'r1h5eaqjx820160428150700',0,0,1,1,1461827226),(743,'cymo8t4pze20160428150712',0,-1,0,1,1461740832),(744,'1t59ajuik720160428150721',0,-1,0,1,1461740841),(745,'9t75vukf1m20160428150727',0,0,1,1,1461827251),(746,'16yi27wrza20160428150734',0,-1,0,1,1461740854),(747,'b7pjuxc8la20160428150737',0,-1,0,1,1461740857),(748,'harzfnvql020160428150749',0,-1,0,1,1461740869),(749,'e9y2xrfqju20160428150756',0,0,1,1,1461827280),(750,'5cm9bphqz220160428150803',0,-1,0,1,1461740884),(751,'h2ugpez59420160428150824',0,-1,0,1,1461740904),(752,'xheat3swu620160428150936',0,-1,0,1,1461740976),(753,'iqstkerny120160428150952',0,-1,0,1,1461740992),(754,'1uxqdf306j20160428151004',0,-1,0,1,1461741004),(755,'60ypqs7x2420160428151106',0,-1,0,1,1461741066),(756,'a6qn5v0y7f20160428151119',0,-1,0,1,1461741079),(757,'da51rkjy4720160428151127',0,-1,0,1,1461741087),(758,'xy6bzacniw20160428151157',0,-1,0,1,1461741117),(759,'12l3txu4dn20160428151206',0,-1,0,1,1461741126),(760,'46merih2y120160428151212',0,-1,0,1,1461741132),(761,'ndso41fc3r20160428151216',0,-1,0,1,1461741136),(762,'0emt54dwqb20160428151627',0,-1,0,1,1461741387),(763,'jw1e4kcuf320160428151741',0,0,1,1,1461827866),(764,'zx8h4qmjfc20160428151756',0,0,1,1,1461827880),(765,'nf2tajcb6v20160428151804',0,-1,0,1,1461741484),(766,'lgpf3ywuab20160428151809',0,-1,0,1,1461741489),(767,'amic91o07w20160428151816',0,-1,0,1,1461741496),(768,'mj46wsp2gr20160428151851',0,-1,0,1,1461741531),(769,'rdmblz4vpn20160428151856',0,-1,0,1,1461741536),(770,'9y8j1a0t3d20160428151910',0,-1,0,1,1461741550),(771,'vjy5oatfdn20160428152001',0,-1,0,1,1461741601),(772,'s7ne4bhcrz20160428152022',0,-1,0,1,1461741622),(773,'y21ocnxzdw20160428152035',0,-1,0,1,1461741635),(774,'n56is189xl20160428152114',0,-1,0,1,1461741674),(775,'x6fom31tye20160428152123',0,-1,0,1,1461741683),(776,'pnle59zm6s20160428152142',0,-1,0,1,1461741702),(777,'c30ejdk1vu20160428152222',0,-1,0,1,1461741742),(778,'269tmnr5kz20160428152303',0,-1,0,1,1461741783),(779,'pa51xr9qlu20160428152335',0,-1,0,1,1461741815),(780,'ydfvctaml620160428152345',0,-1,0,1,1461741825),(781,'bszv9y0mro20160428152355',0,-1,0,1,1461741835),(782,'q90cbshg5620160428152405',0,-1,0,1,1461741846),(783,'jcf2htl7oq20160428152509',0,0,1,1,1461828313),(784,'b47yhivg9020160428152515',0,-1,0,1,1461741915),(785,'x90j3equ7s20160428153533',0,-1,0,1,1461742533),(786,'ktz2cxyo0q20160428153546',0,-1,0,1,1461742546),(787,'gt7q23lrxf20160428153607',0,-1,0,1,1461742567),(788,'82ulmvn1ac20160428154017',0,-1,0,1,1461742817),(789,'jaqnecrtk220160428154119',0,-1,0,1,1461742879),(790,'a7842colr120160428154616',0,-1,0,1,1461743176),(791,'i1te0w5cs220160428154620',0,-1,0,1,1461743180),(792,'fzpwbhc4e020160428154718',0,-1,0,1,1461743239),(793,'ts7jfe49wg20160428154752',0,-1,0,1,1461743272),(794,'4xaow5e1gv20160428155818',0,-1,0,1,1461743899),(795,'tgwky9mpz720160428163428',0,-1,0,1,1461746068),(796,'e3asg879hx20160428163525',0,-1,0,1,1461746125),(797,'8ntfra37kz20160428164310',0,-1,0,1,1461746590),(798,'pyzklb4a0w20160428164332',0,-1,0,1,1461746612),(799,'9hxftlrqai20160428164404',0,-1,0,1,1461746644),(800,'xn23azlc9w20160428164507',0,-1,0,1,1461746707),(801,'cz830sf2ld20160428164509',0,-1,0,1,1461746709),(802,'a21x60kowg20160428164834',0,-1,0,1,1461746914),(803,'j4zmdak39w20160428164848',0,-1,0,1,1461746928),(804,'w28957vnab20160428164849',0,-1,0,1,1461746929),(805,'5dt7mfo3xy20160428164938',0,-1,0,1,1461746978),(806,'uegspkyb1h20160428165047',0,-1,0,1,1461747047),(807,'uqiplv45rb20160428171207',0,-1,0,1,1461748327),(808,'sfl6u3rgjb20160428211908',0,-1,0,1,1461763148),(809,'5jglsr9be220160428212150',0,-1,0,1,1461763310),(810,'z08xjpfnyv20160428225348',0,-1,0,1,1461768828),(811,'1nor6akd3c20160428225413',0,0,1,1,1461855265),(812,'b4z6scvnmq20160428225513',0,0,1,1,1461855320),(813,'h3me8d1njk20160428225857',0,0,1,1,1461855550),(814,'vbhpdkc81x20160428225914',0,-1,0,1,1461769154),(815,'cxulk2rvm720160428230207',0,0,1,1,1461855800),(816,'1yx9kogsfu20160428230948',0,0,1,1,1461856194),(817,'bmy5dxaip420160428231434',0,0,1,1,1461856478),(818,'835ftqrp9y20160428231445',0,0,1,1,1461856486),(819,'nt8kphs4rj20160428231459',0,0,1,1,1461856522),(820,'cf7936avbn20160428231552',0,-1,0,1,1461770152),(821,'h4rye816cm20160428232331',0,-1,0,1,1461770611),(822,'fws1vu9lod20160428232704',0,-1,0,1,1461770824),(823,'x0g1porczq20160428233058',0,-1,0,1,1461771059),(824,'f7sg8o9jil20160428233132',0,-1,0,1,1461771092),(825,'2wr09ibghc20160428233152',0,-1,0,1,1461771112),(826,'6xyo1dt2j020160428233326',0,-1,0,1,1461771206),(827,'cfmguh5kwe20160428233715',0,-1,0,1,1461771435),(828,'vxma5rtqo420160428233839',0,-1,0,1,1461771519),(829,'i7oy2evgxz20160428233910',0,-1,0,1,1461771550),(830,'inwm80yuaz20160428234045',0,-1,0,1,1461771645),(831,'9wd5pkv78c20160428234209',0,-1,0,1,1461771729),(832,'v1d4txy7zq20160428234348',0,-1,0,1,1461771828),(833,'f0nmsecq4520160428234606',0,-1,0,1,1461771966),(834,'ebijlpktwx20160428234708',0,-1,0,1,1461772028),(835,'3qnioxjpfl20160428234736',0,-1,0,1,1461772056),(836,'ts5vfl7z1b20160428234747',0,-1,0,1,1461772067),(837,'j6cf7i8mbq20160428234815',0,-1,0,1,1461772095),(838,'1mneysxfu520160428234833',0,-1,0,1,1461772113),(839,'rz0ib7wj1p20160428234928',0,-1,0,1,1461772168),(840,'25b3h0i9mt20160428235006',0,0,1,1,1461858845),(841,'o59zmleaw620160428235112',0,-1,0,1,1461772272),(842,'9ks0fj7yqu20160428235242',0,-1,0,1,1461772362),(843,'pnibuvl15t20160428235415',0,0,1,1,1461858859),(844,'gyabpreouz20160428235418',0,-1,0,1,1461772458),(845,'2t56wux8eh20160428235425',0,0,1,1,1461858868),(846,'qz26m4jnsl20160428235521',0,0,1,1,1461858924),(847,'cbxa84evhd20160428235737',0,-1,0,1,1461772657),(848,'bln0vef1j920160428235830',0,0,1,1,1461859116),(849,'uqlo5zheik20160428235855',0,-1,0,1,1461772735),(850,'3xnj5c6me820160429000020',0,-1,0,1,1461772820),(851,'4rquzy3tkl20160429000036',0,0,1,1,1461859243),(852,'n1tagx3w9v20160429000147',0,-1,0,1,1461772907),(853,'mo63x1lwub20160429000339',0,-1,0,1,1461773019),(854,'jeq9dy1gzp20160429000530',0,-1,0,1,1461773130),(855,'9olcg0rxby20160429000806',0,0,1,1,1461859691),(856,'bzilpthd2k20160429000931',0,0,1,1,1461859778),(857,'h6bv0t5olz20160429001023',0,-1,0,1,1461773423),(858,'kvxcugem2q20160429001210',0,-1,0,1,1461773530),(859,'q6nk5w0vi220160429001346',0,-1,0,1,1461773626),(860,'l48beujs5220160429001459',0,-1,0,1,1461773699),(861,'i7nmqbvs4t20160429001532',0,-1,0,1,1461773733),(862,'8sm12pw6th20160429001610',0,-1,0,1,1461773770),(863,'s4190wmxzc20160429001628',0,-1,0,1,1461773788),(864,'065wvij7zk20160429001714',0,-1,0,1,1461773834),(865,'0694813yvd20160429001718',0,-1,0,1,1461773838),(866,'tl2orypvd420160429001851',0,-1,0,1,1461773931),(867,'ur9fd17jgv20160429001908',0,-1,0,1,1461773948),(868,'lgxkc3vqan20160429001924',0,-1,0,1,1461773965),(869,'s5imch4w2g20160429002035',0,-1,0,1,1461774035),(870,'kd8revz1sc20160429002143',0,-1,0,1,1461774103),(871,'3o1l4af78c20160429002335',0,-1,0,1,1461774216),(872,'paqx5r3ibc20160429002448',0,-1,0,1,1461774289),(873,'65l7v4qoc220160429002612',0,-1,0,1,1461774372),(874,'osvb63gkrf20160429002646',0,-1,0,1,1461774406),(875,'nepz314dxt20160429002819',0,-1,0,1,1461774499),(876,'u0fltxhvq120160429002835',0,-1,0,1,1461774515),(877,'r6jsyzhfk120160429002905',0,-1,0,1,1461774545),(878,'fenutbv12s20160429003017',0,-1,0,1,1461774618),(879,'8qjzmgi90r20160429003148',0,-1,0,1,1461774708),(880,'x8dob5q73e20160429003257',0,-1,0,1,1461774777),(881,'n4sz7huadw20160429003326',0,-1,0,1,1461774806),(882,'2mk7jt9xie20160429003543',0,-1,0,1,1461774943),(883,'o2v7sx45m620160429003709',0,-1,0,1,1461775029),(884,'6hq8gnwpfv20160429003758',0,-1,0,1,1461775078),(885,'p2r6g3b4mi20160429003923',0,-1,0,1,1461775163),(886,'6a8bxt3loc20160429082412',0,0,1,1,1461889463),(887,'g2m3bidcxw20160429082520',0,-1,0,1,1461803120),(888,'oy6csfqg4e20160429082536',0,0,1,1,1461889538),(889,'4elmrq1xtw20160429082551',0,0,1,1,1461889552),(890,'8wzephimu020160429082559',0,0,1,1,1461889560),(891,'1umr2c8agh20160429082605',0,0,1,1,1461889566),(892,'x3hi7rmsa620160429082615',0,0,1,1,1461889577),(893,'f7bgrw46h820160429122527',0,-1,0,1,1461817527),(894,'6sib97gz5l20160429122902',0,-1,0,1,1461817742),(895,'7xjtlbmqdf20160429122924',0,-1,0,1,1461817764),(896,'wckqp7t9g520160429123348',0,-1,0,1,1461818028),(897,'9jb3ym8gp120160429123823',0,-1,0,1,1461818303),(898,'9vyn3raoht20160429124230',0,-1,0,1,1461818550),(899,'cakorht7yl20160429125342',0,-1,0,1,1461819222),(900,'g4zn8swykm20160429125424',0,-1,0,1,1461819265),(901,'yr0klv28sc20160429130712',0,-1,0,1,1461820032),(902,'ah05z89elo20160429131513',0,-1,0,1,1461820514),(903,'kpejmgbw8220160429131553',0,-1,0,1,1461820553),(904,'sat327lg6y20160429131622',0,-1,0,1,1461820582),(905,'v0g62muhbq20160429131703',0,-1,0,1,1461820624),(906,'lz21tfp3ra20160429131851',0,-1,0,1,1461820731),(907,'3n9qr4xwgm20160429133215',0,-1,0,1,1461821535),(908,'vjxt15n4c020160429134628',0,-1,0,1,1461822388),(909,'6ig7ns930k20160429135534',0,-1,0,1,1461822934),(910,'awj5062iro20160429135549',0,-1,0,1,1461822949),(911,'exl51cjvfo20160429135611',0,-1,0,1,1461822971),(912,'05uk91xh2g20160429135644',0,-1,0,1,1461823004),(913,'eo4p1v3z6u20160429135927',0,-1,0,1,1461823167),(914,'bx3zkanep220160429140741',0,-1,0,1,1461823661),(915,'ktjcml7x1920160429140946',0,-1,0,1,1461823786),(916,'k2jyo58n7v20160429141758',0,0,1,1,1461910683),(917,'9tblxkofvu20160429141809',0,-1,0,1,1461824289),(918,'51k9qwxpdo20160429141818',0,0,1,1,1461910700),(919,'y2ecpdolau20160429141825',0,-1,0,1,1461824305),(920,'rk63wjlyaf20160429141827',0,-1,0,1,1461824307),(921,'vcad5b0nuf20160429141835',0,0,1,1,1461910717),(922,'euc9gh4sjn20160429141842',0,-1,0,1,1461824322),(923,'j6ew82s0du20160429141906',0,0,1,1,1461910755),(924,'51s98fro4720160429141921',0,-1,0,1,1461824361),(925,'yvhf031s6d20160429142139',0,0,2,1,1461910923),(926,'5lfsg6czuv20160429143641',0,0,1,1,1461911803),(927,'uvar704i5y20160429144331',0,0,1,1,1461912223),(928,'mkl6dcgi2u20160429145214',0,0,1,1,1461912735),(929,'cgbqjk852v20160429150054',0,0,2,1,1461913330),(930,'sxd650jcri20160429150240',0,-1,0,1,1461826960),(931,'2wh6nptjxi20160429170529',0,-1,0,1,1461834329),(932,'25l1kpg3ef20160429170759',0,0,1,1,1461920897),(933,'z6igewjn9820160429170801',0,-1,0,1,1461834481),(934,'b0sxlqph6320160429170821',0,0,1,1,1461920915),(935,'brgtu7a9hy20160429170840',0,0,1,1,1461920922),(936,'34dzgj0lbm20160429170840',0,-1,0,1,1461834520),(937,'yezij4fu5n20160429170850',0,-1,0,1,1461834530),(938,'ndxaoq2i6g20160429170853',0,0,1,1,1461920936),(939,'oa764qck0220160429170902',0,-1,0,1,1461834542),(940,'g8lpd4orvt20160429170906',0,0,1,1,1461920949),(941,'ye6ih3rs4p20160429170916',0,-1,0,1,1461834556),(942,'is478qpugw20160429172316',0,-1,0,1,1461835396),(943,'x1ej95pk3n20160429172356',0,0,1,1,1461921845),(944,'ykdx2wsp5h20160429192159',0,-1,0,1,1461842519),(945,'540mjuxyaw20160430224903',0,-1,0,1,1461941343),(946,'6yrsgw8zht20160430224905',0,-1,0,1,1461941345),(947,'pu3lgh4yv520160430224905',0,-1,0,1,1461941345),(948,'6sdhncqoza20160430224906',0,-1,0,1,1461941346),(949,'ipwgy2xmhd20160501114922',0,-1,0,1,1461988162),(950,'1rf2yqm3ed20160502210234',0,0,1,1,1462194178),(951,'ogh2um8vl520160502210304',0,-1,0,1,1462107784),(952,'h7excs2w8920160502210307',0,0,1,1,1462194197),(953,'6vcxlns04y20160502210341',0,-1,0,1,1462107821),(954,'32xmu86jos20160502210523',0,-1,0,1,1462107923),(955,'d3le5sv4yi20160503101126',0,0,1,1,1462241496),(956,'ykiew8vm3420160503101143',0,0,1,1,1462241506),(957,'v970zwk6t820160504084942',0,0,1,1,1462322996),(958,'e591os3jy220160504085002',0,0,1,1,1462323004),(959,'1c8rpbm25y20160504085010',0,0,1,1,1462323011),(960,'3w0yjehprm20160504085019',0,0,1,1,1462323021),(961,'cfuqea02dv20160504085027',0,0,1,1,1462323029),(962,'fsimwk638020160504085034',0,0,1,1,1462323036),(963,'ova1wzcn9820160504092739',0,0,1,1,1462325273),(964,'orziulkqpa20160504092758',0,0,1,1,1462325285),(965,'q427b8o5v020160504092812',0,0,1,1,1462325336),(966,'clnj4qysf020160504093049',0,0,1,1,1462325452),(967,'3kqial6sxu20160504110847',0,0,1,1,1462331338),(968,'sinfmvo5a420160504110905',0,0,1,1,1462331348),(969,'bfkpa169nh20160504110925',0,0,1,1,1462331368),(970,'q63pvaj70x20160504110935',0,0,1,1,1462331378),(971,'nj9w3gazk420160505090331',0,0,1,1,1462410223),(972,'34mr5tnhbu20160505090358',0,0,1,1,1462410241),(973,'ohjpzlimrb20160505090417',0,0,1,1,1462410260),(974,'jb4c3fugks20160505090436',0,0,1,1,1462410280),(975,'nsh54id8r720160505090458',0,-1,0,1,1462323898),(976,'bjagitvf4m20160505091001',0,0,1,1,1462410604),(977,'6gn78dyexz20160505091011',0,0,1,1,1462410613),(978,'i106a4b5x720160505091025',0,0,1,1,1462410627),(979,'jxgzoi0lpc20160505091041',0,0,1,1,1462410643),(980,'g138cve45620160505091052',0,0,1,1,1462410654),(981,'wqhvxbu2ij20160505091104',0,0,1,1,1462410667),(982,'wcmalu54gh20160505102300',0,0,1,1,1462414985),(983,'52md6phyen20160505102315',0,0,1,1,1462414998),(984,'0wpcagv8mt20160505102324',0,0,1,1,1462415007),(985,'yuz2lh5djq20160505102344',0,0,1,1,1462415035),(986,'oa4cmh29lp20160505102408',0,0,1,1,1462415052),(987,'ktbni6h5fc20160505102418',0,0,1,1,1462415059),(988,'8j7fv5am1d20160505102502',0,0,1,1,1462415107),(989,'n5ej1rfczu20160505102510',0,0,1,1,1462415130),(990,'l10pioac9x20160505102512',0,0,1,1,1462415114),(991,'c8iu4vmksq20160505102521',0,0,1,1,1462415124),(992,'c9oxnfqshm20160505112418',0,0,1,1,1462418669),(993,'3pbqhz7oa220160505112444',0,0,1,1,1462418690),(994,'c14if5hq6x20160505112455',0,0,1,1,1462418698),(995,'swof4ltkpx20160505112508',0,0,1,1,1462418710),(996,'iobhvfras020160505112521',0,-1,0,1,1462332321),(997,'zftakr9yip20160505112644',0,0,1,1,1462418814),(998,'t4c67lr92e20160505112714',0,-1,0,1,1462332434),(999,'41tof3enav20160505112717',0,0,1,1,1462418840),(1000,'y1e345rpxf20160505112730',0,0,1,1,1462418854),(1001,'cxdw2upyzq20160505112743',0,0,1,1,1462418870),(1002,'n9ig68l10320160505112745',0,-1,0,1,1462332465),(1003,'bdg8vp1qai20160505112747',0,-1,0,1,1462332467),(1004,'d2yhp9xqs720160505112750',0,0,1,1,1462418874),(1005,'bu3snx9pim20160505112800',0,0,1,1,1462418882),(1006,'mdviw7fn9o20160505112800',0,-1,0,1,1462332480),(1007,'s4970ilkw620160505112812',0,0,1,1,1462418895),(1008,'gsuifvm48x20160505112838',0,0,1,1,1462418927),(1009,'0jw1s8nq6z20160505112859',0,-1,0,1,1462332539),(1010,'9uweov2yld20160505171753',0,-1,0,1,1462353473),(1011,'32me9js1h820160505171842',0,0,1,1,1462439948),(1012,'3nvmhklftz20160505171845',0,-1,0,1,1462353525),(1013,'cog5ar164820160505171910',0,0,1,1,1462439962),(1014,'j5wyaqlnmd20160505171933',0,0,1,1,1462439976),(1015,'82510lbq3o20160505171933',0,0,1,1,1462439988),(1016,'isuom2t7ze20160505171950',0,0,1,1,1462439992),(1017,'zm9oijcsqr20160505171957',0,0,1,1,1462440000),(1018,'pnmwzayrx420160505172003',0,0,1,1,1462440030),(1019,'zsk1mf6jeb20160505172005',0,0,1,1,1462440008),(1020,'giup3odsb920160505172006',0,0,1,1,1462440023),(1021,'grc0tfjhyn20160505172008',0,-1,0,1,1462353609),(1022,'f2tjd8s6wy20160505172012',0,-1,0,1,1462353612),(1023,'id6xemlgj220160505172015',0,0,1,1,1462440018),(1024,'80absvnrjz20160505172023',0,0,1,1,1462440027),(1025,'2na9cqylfb20160505172053',0,0,1,1,1462440055),(1026,'5crlby0g8p20160505172056',0,0,1,1,1462440061),(1027,'0rcenhumqy20160505172106',0,0,1,1,1462440069),(1028,'x3vhrn79w220160505172121',0,0,1,1,1462440084),(1029,'mkxo8a7s4520160505172131',0,0,1,1,1462440093),(1030,'yswv2xpt3h20160505172139',0,0,1,1,1462440108),(1031,'gd836pervo20160505172255',0,0,1,1,1462440182),(1032,'iczswu5okx20160505172308',0,-1,0,1,1462353788),(1033,'8rianq4k3v20160505172621',0,0,1,1,1462440383),(1034,'kl6f2qzrdi20160506083716',0,0,1,1,1462495055),(1035,'qi4nzlx86v20160506083744',0,-1,0,1,1462408664),(1036,'oscja7lr0z20160506141023',0,0,1,1,1462515036),(1037,'2z5dia36q420160506141110',0,0,1,1,1462515082),(1038,'umd8o06t4920160506141155',0,-1,0,1,1462428716),(1039,'egmlp69bi120160506141215',0,0,1,1,1462515149),(1040,'xft2egq0yp20160506141242',0,0,1,1,1462515169),(1041,'1krn3ws6cd20160509090238',0,-1,0,1,1462669358),(1042,'p53e46t2r020160509090620',0,0,1,1,1462755986),(1043,'8gz0psydja20160509090623',0,-1,0,1,1462669583),(1044,'9pk4wxf6vd20160509090637',0,0,1,1,1462756000),(1045,'yt70pg132620160509144558',0,-1,0,1,1462689958),(1046,'lpgn2jzhax20160510214307',0,0,1,1,1462887803);
/*!40000 ALTER TABLE `terminal_user` ENABLE KEYS */;
UNLOCK TABLES;

--
-- Table structure for table `user`
--

DROP TABLE IF EXISTS `user`;
/*!40101 SET @saved_cs_client     = @@character_set_client */;
/*!40101 SET character_set_client = utf8 */;
CREATE TABLE `user` (
  `id` int(11) NOT NULL AUTO_INCREMENT COMMENT 'ID',
  `type` tinyint(2) NOT NULL DEFAULT '1' COMMENT '1,本站注册2qq登陆',
  `oauth_id` varchar(50) COLLATE utf8_unicode_ci DEFAULT NULL,
  `name` varchar(30) COLLATE utf8_unicode_ci NOT NULL DEFAULT '',
  `username` varchar(50) COLLATE utf8_unicode_ci NOT NULL COMMENT '用户名',
  `auth_key` varchar(32) COLLATE utf8_unicode_ci NOT NULL,
  `password_hash` varchar(255) COLLATE utf8_unicode_ci NOT NULL COMMENT '密码',
  `password_reset_token` varchar(255) COLLATE utf8_unicode_ci DEFAULT NULL COMMENT '密码重置密匙',
  `email` varchar(255) COLLATE utf8_unicode_ci NOT NULL COMMENT '邮箱',
  `role` smallint(6) NOT NULL DEFAULT '10' COMMENT '角色',
  `status` smallint(6) NOT NULL DEFAULT '10' COMMENT '状态',
  `created_at` int(10) NOT NULL COMMENT '创建时间',
  `updated_at` int(10) NOT NULL COMMENT '更新时间',
  `pre_login_time` int(10) DEFAULT NULL,
  `login_time` int(11) DEFAULT NULL,
  PRIMARY KEY (`id`),
  UNIQUE KEY `type_oauth` (`type`,`oauth_id`) USING BTREE,
  KEY `username` (`username`) USING BTREE
) ENGINE=InnoDB AUTO_INCREMENT=10004 DEFAULT CHARSET=utf8 COLLATE=utf8_unicode_ci;
/*!40101 SET character_set_client = @saved_cs_client */;

--
-- Dumping data for table `user`
--

LOCK TABLES `user` WRITE;
/*!40000 ALTER TABLE `user` DISABLE KEYS */;
INSERT INTO `user` VALUES (1,1,NULL,'','admin','','$2y$10$W4Dd4MAiSD7wbxRjG49x/..CKDX7mWH2vgievWGpwq2gtj.8uVe.O',NULL,'',10,10,1432994066,1422976238,NULL,NULL),(2,1,NULL,'','manage','vrIGTYAPo89hONyL6HQJVSFIVc9SwMp9','$2y$13$A.WVLbwjVTHzCCMJtQdXQu6cxIWXvF1UTCqRKMmaTfpisnEBtRzm6',NULL,'25871588@qq.com',10,10,1432994066,1433035322,NULL,NULL),(3,1,NULL,'','test2','fHIPkDFaSYBvpd9RtzUQkAOOEqkziPUT','$2y$13$6Zltzis3pp7ZDUalExxKsuIiiYp6MiyuTb8mGdd2vEAg0wK/mZLDS',NULL,'ss@ww.com',10,0,1433035551,1433035551,NULL,NULL),(10000,1,NULL,'会员1','member1','fHIPkDFaSYBvpd9RtzUQkAOOEqkziPUT','$2y$13$6Zltzis3pp7ZDUalExxKsuIiiYp6MiyuTb8mGdd2vEAg0wK/mZLDS','','ss@ww.com',0,10,1433035551,1439130217,1438700281,1439130217),(10001,1,NULL,'','member2','','',NULL,'82138625@qq.com',10,10,1438482462,1438482462,NULL,NULL),(10002,1,NULL,'','member3','kgA9d9gfcALeOlDES-hTCNZmZVW7seEw','$2y$13$yfv3oV.xCHJikRfNLdTHf.FBsRrgl7GAT2fXVw0NaB6yr6exO9JaC',NULL,'82138625@qq.com',10,10,1438482766,1438482766,NULL,NULL),(10003,1,NULL,'','qingdao','oIXItrVmTRpeDUSlEy5EWRJ5nM1pWlVS','$2y$13$ofLvZ7oBy/SrEvnS9xpGTu5mYaxzgwBM9g8HqHplzCG1TtL5EH8z.',NULL,'qingdao@163.com',10,10,1461597481,1461597481,NULL,NULL);
/*!40000 ALTER TABLE `user` ENABLE KEYS */;
UNLOCK TABLES;

--
-- Table structure for table `wechat_data`
--

DROP TABLE IF EXISTS `wechat_data`;
/*!40101 SET @saved_cs_client     = @@character_set_client */;
/*!40101 SET character_set_client = utf8 */;
CREATE TABLE `wechat_data` (
  `id` int(11) NOT NULL,
  `keyword` varchar(255) NOT NULL COMMENT '关键字',
  `wechat_data` varchar(2000) DEFAULT NULL COMMENT '微信需持久化的东西 需要序列化',
  PRIMARY KEY (`id`)
) ENGINE=InnoDB DEFAULT CHARSET=utf8;
/*!40101 SET character_set_client = @saved_cs_client */;

--
-- Dumping data for table `wechat_data`
--

LOCK TABLES `wechat_data` WRITE;
/*!40000 ALTER TABLE `wechat_data` DISABLE KEYS */;
/*!40000 ALTER TABLE `wechat_data` ENABLE KEYS */;
UNLOCK TABLES;

--
-- Table structure for table `zones`
--

DROP TABLE IF EXISTS `zones`;
/*!40101 SET @saved_cs_client     = @@character_set_client */;
/*!40101 SET character_set_client = utf8 */;
CREATE TABLE `zones` (
  `id` int(11) NOT NULL AUTO_INCREMENT,
  `name` varchar(255) DEFAULT NULL COMMENT '大区名称',
  PRIMARY KEY (`id`)
) ENGINE=MyISAM AUTO_INCREMENT=5 DEFAULT CHARSET=utf8;
/*!40101 SET character_set_client = @saved_cs_client */;

--
-- Dumping data for table `zones`
--

LOCK TABLES `zones` WRITE;
/*!40000 ALTER TABLE `zones` DISABLE KEYS */;
INSERT INTO `zones` VALUES (2,'湖里一区'),(3,'湖里二区'),(4,'思明一区');
/*!40000 ALTER TABLE `zones` ENABLE KEYS */;
UNLOCK TABLES;
/*!40103 SET TIME_ZONE=@OLD_TIME_ZONE */;

/*!40101 SET SQL_MODE=@OLD_SQL_MODE */;
/*!40014 SET FOREIGN_KEY_CHECKS=@OLD_FOREIGN_KEY_CHECKS */;
/*!40014 SET UNIQUE_CHECKS=@OLD_UNIQUE_CHECKS */;
/*!40101 SET CHARACTER_SET_CLIENT=@OLD_CHARACTER_SET_CLIENT */;
/*!40101 SET CHARACTER_SET_RESULTS=@OLD_CHARACTER_SET_RESULTS */;
/*!40101 SET COLLATION_CONNECTION=@OLD_COLLATION_CONNECTION */;
/*!40111 SET SQL_NOTES=@OLD_SQL_NOTES */;

-- Dump completed on 2016-05-18 13:06:52
